Product ID,Title,Variant Title,Vendor,Product Type,Handle,Tags,Price,Compare at Price,SKU,Available,Weight (grams),Primary Image
417099120679,Grey/Gray (salt and pepper) Hair Extension,"8""",Prarvi Hair,Hair,grey-bundle-extension-salt-and-pepper,Grey Hair,229.00,195.00,,True,0,https://cdn.shopify.com/s/files/1/1059/1524/files/lYRguxOA.jpg?v=1751024431
417099120679,Grey/Gray (salt and pepper) Hair Extension,"10""",Prarvi Hair,Hair,grey-bundle-extension-salt-and-pepper,Grey Hair,239.00,195.00,,True,0,https://cdn.shopify.com/s/files/1/1059/1524/files/lYRguxOA.jpg?v=1751024431
417099120679,Grey/Gray (salt and pepper) Hair Extension,"12'""",Prarvi Hair,Hair,grey-bundle-extension-salt-and-pepper,Grey Hair,249.00,195.00,GR12,True,0,https://cdn.shopify.com/s/files/1/1059/1524/files/lYRguxOA.jpg?v=1751024431
417099120679,Grey/Gray (salt and pepper) Hair Extension,"14""",Prarvi Hair,Hair,grey-bundle-extension-salt-and-pepper,Grey Hair,259.00,205.00,GR14,True,0,https://cdn.shopify.com/s/files/1/1059/1524/files/lYRguxOA.jpg?v=1751024431
417099120679,Grey/Gray (salt and pepper) Hair Extension,"16""",Prarvi Hair,Hair,grey-bundle-extension-salt-and-pepper,Grey Hair,269.00,215.00,GR16,True,0,https://cdn.shopify.com/s/files/1/1059/1524/files/lYRguxOA.jpg?v=1751024431
417099120679,Grey/Gray (salt and pepper) Hair Extension,"18""",Prarvi Hair,Hair,grey-bundle-extension-salt-and-pepper,Grey Hair,279.00,195.00,,True,0,https://cdn.shopify.com/s/files/1/1059/1524/files/lYRguxOA.jpg?v=1751024431
417099120679,Grey/Gray (salt and pepper) Hair Extension,"20""",Prarvi Hair,Hair,grey-bundle-extension-salt-and-pepper,Grey Hair,339.00,195.00,,True,0,https://cdn.shopify.com/s/files/1/1059/1524/files/lYRguxOA.jpg?v=1751024431
417099120679,Grey/Gray (salt and pepper) Hair Extension,"28""",Prarvi Hair,Hair,grey-bundle-extension-salt-and-pepper,Grey Hair,469.00,195.00,,True,0,https://cdn.shopify.com/s/files/1/1059/1524/files/lYRguxOA.jpg?v=1751024431
3572535045,Luxurious Natural Wave Collection - Premium Indian Virgin Remy Hair Extensions,10,Prarvi,Hair,natural-wave-virgin-remy-hair-extensions,"Indian Natural Virgin Hair, Natural Virgin Color, Natural Wave, Retail",149.00,120.00,NW10,True,99,https://cdn.shopify.com/s/files/1/1059/1524/files/1_1.jpg?v=1751025385
3572535045,Luxurious Natural Wave Collection - Premium Indian Virgin Remy Hair Extensions,12,Prarvi,Hair,natural-wave-virgin-remy-hair-extensions,"Indian Natural Virgin Hair, Natural Virgin Color, Natural Wave, Retail",159.00,130.00,NW12,True,99,https://cdn.shopify.com/s/files/1/1059/1524/files/1_1.jpg?v=1751025385
3572535045,Luxurious Natural Wave Collection - Premium Indian Virgin Remy Hair Extensions,14,Prarvi,Hair,natural-wave-virgin-remy-hair-extensions,"Indian Natural Virgin Hair, Natural Virgin Color, Natural Wave, Retail",169.00,140.00,NW14,True,99,https://cdn.shopify.com/s/files/1/1059/1524/files/1_1.jpg?v=1751025385
3572535045,Luxurious Natural Wave Collection - Premium Indian Virgin Remy Hair Extensions,16,Prarvi,Hair,natural-wave-virgin-remy-hair-extensions,"Indian Natural Virgin Hair, Natural Virgin Color, Natural Wave, Retail",179.00,150.00,NW16,True,99,https://cdn.shopify.com/s/files/1/1059/1524/files/1_1.jpg?v=1751025385
3572535045,Luxurious Natural Wave Collection - Premium Indian Virgin Remy Hair Extensions,18,Prarvi,Hair,natural-wave-virgin-remy-hair-extensions,"Indian Natural Virgin Hair, Natural Virgin Color, Natural Wave, Retail",189.00,160.00,NW18,True,99,https://cdn.shopify.com/s/files/1/1059/1524/files/1_1.jpg?v=1751025385
3572535045,Luxurious Natural Wave Collection - Premium Indian Virgin Remy Hair Extensions,20,Prarvi,Hair,natural-wave-virgin-remy-hair-extensions,"Indian Natural Virgin Hair, Natural Virgin Color, Natural Wave, Retail",259.00,170.00,NW20,True,99,https://cdn.shopify.com/s/files/1/1059/1524/files/1_1.jpg?v=1751025385
3572535045,Luxurious Natural Wave Collection - Premium Indian Virgin Remy Hair Extensions,22,Prarvi,Hair,natural-wave-virgin-remy-hair-extensions,"Indian Natural Virgin Hair, Natural Virgin Color, Natural Wave, Retail",279.00,180.00,NW22,True,99,https://cdn.shopify.com/s/files/1/1059/1524/files/1_1.jpg?v=1751025385
3572535045,Luxurious Natural Wave Collection - Premium Indian Virgin Remy Hair Extensions,24,Prarvi,Hair,natural-wave-virgin-remy-hair-extensions,"Indian Natural Virgin Hair, Natural Virgin Color, Natural Wave, Retail",299.00,190.00,NW24,True,99,https://cdn.shopify.com/s/files/1/1059/1524/files/1_1.jpg?v=1751025385
3572535045,Luxurious Natural Wave Collection - Premium Indian Virgin Remy Hair Extensions,26,Prarvi,Hair,natural-wave-virgin-remy-hair-extensions,"Indian Natural Virgin Hair, Natural Virgin Color, Natural Wave, Retail",419.00,210.00,NW26,True,99,https://cdn.shopify.com/s/files/1/1059/1524/files/1_1.jpg?v=1751025385
3572535045,Luxurious Natural Wave Collection - Premium Indian Virgin Remy Hair Extensions,28,Prarvi,Hair,natural-wave-virgin-remy-hair-extensions,"Indian Natural Virgin Hair, Natural Virgin Color, Natural Wave, Retail",439.00,230.00,NW28,True,99,https://cdn.shopify.com/s/files/1/1059/1524/files/1_1.jpg?v=1751025385
3572535045,Luxurious Natural Wave Collection - Premium Indian Virgin Remy Hair Extensions,30,Prarvi,Hair,natural-wave-virgin-remy-hair-extensions,"Indian Natural Virgin Hair, Natural Virgin Color, Natural Wave, Retail",459.00,240.00,NW30,True,99,https://cdn.shopify.com/s/files/1/1059/1524/files/1_1.jpg?v=1751025385
7541163786282,High Quality Raw Hair Wigs Manufacturing,Default Title,Prarvi Hair,Hair,high-quality-raw-hair-wigs-manufacturing,Natural Virgin Color,270.00,300.00,,True,0,https://cdn.shopify.com/s/files/1/1059/1524/files/shop-10.jpg?v=1738914692
7541160443946,Sample Hair,Default Title,Prarvi Hair,Hair,sample-hair,Natural Virgin Color,360.00,400.00,,True,0,https://cdn.shopify.com/s/files/1/1059/1524/files/shop-09.jpg?v=1738914479
7541156773930,Afro Collection,Default Title,Prarvi Hair,Hair,natural-afro-collection,Indian Natural Virgin Hair,150.00,200.00,,True,0,https://cdn.shopify.com/s/files/1/1059/1524/files/shop-08.jpg?v=1738914357
7541154414634,Hair Extensions,Default Title,Prarvi Hair,Hair,hair-extensions,Natural Virgin Color,540.00,600.00,,True,0,https://cdn.shopify.com/s/files/1/1059/1524/files/shop-07.jpg?v=1738914186
373604024359,Virgin/Raw Natural Wave--- Bundles Deals,"10""-12""--10""",Prarvi Hair,Hair,virgin-raw-natural-wave-deal-combos,"Bundle Deals, Closure, Indian Natural Virgin Hair, Natural Wave, raw, Retail",295.00,345.00,,True,0,https://cdn.shopify.com/s/files/1/1059/1524/products/naturl_wave_hair_414086c1-ba4c-4d6a-8a76-e623f32af38c.jpg?v=1526628612
373604024359,Virgin/Raw Natural Wave--- Bundles Deals,"12""-14""--10""",Prarvi Hair,Hair,virgin-raw-natural-wave-deal-combos,"Bundle Deals, Closure, Indian Natural Virgin Hair, Natural Wave, raw, Retail",315.00,365.00,,True,0,https://cdn.shopify.com/s/files/1/1059/1524/products/naturl_wave_hair_414086c1-ba4c-4d6a-8a76-e623f32af38c.jpg?v=1526628612
373604024359,Virgin/Raw Natural Wave--- Bundles Deals,"14""-16""--12""",Prarvi Hair,Hair,virgin-raw-natural-wave-deal-combos,"Bundle Deals, Closure, Indian Natural Virgin Hair, Natural Wave, raw, Retail",345.00,395.00,,True,0,https://cdn.shopify.com/s/files/1/1059/1524/products/naturl_wave_hair_414086c1-ba4c-4d6a-8a76-e623f32af38c.jpg?v=1526628612
373604024359,Virgin/Raw Natural Wave--- Bundles Deals,"16""-18""--14""",Prarvi Hair,Hair,virgin-raw-natural-wave-deal-combos,"Bundle Deals, Closure, Indian Natural Virgin Hair, Natural Wave, raw, Retail",375.00,425.00,,True,0,https://cdn.shopify.com/s/files/1/1059/1524/products/naturl_wave_hair_414086c1-ba4c-4d6a-8a76-e623f32af38c.jpg?v=1526628612
6650512670762,3-4 Poly Silk Base Men Hairpiece,"6"" / 4"" * 5"" / Golden blonde #22 and Brown #2",Prarvi Hair,Topper,men-hairpieces-3by4-poly-silk-base-toupee,,550.00,,,True,0,https://cdn.shopify.com/s/files/1/1059/1524/products/5by9hairpiececolor27-30_silkbase_frontlace34poly_7.jpg?v=1631875561
6707862470698,Bundle Deal on BTBV Natural Hair Weft and Closure,(Bundle)10”-10”-12”+10”(Closure),Prarvi,Hair,bundle-deal-btbv-natural-hair-weft-closure,"Bundle Deals, Natural Virgin Color, Retail",195.00,149.00,,True,100,https://cdn.shopify.com/s/files/1/1059/1524/products/FullSizeRender_2_6a245405-7b89-46d2-a25e-b434b4ec9f16.jpg?v=1639499347
6707862470698,Bundle Deal on BTBV Natural Hair Weft and Closure,(Bundle)12”-12”-14”+12”(Closure),Prarvi,Hair,bundle-deal-btbv-natural-hair-weft-closure,"Bundle Deals, Natural Virgin Color, Retail",209.00,159.00,,True,100,https://cdn.shopify.com/s/files/1/1059/1524/products/FullSizeRender_2_6a245405-7b89-46d2-a25e-b434b4ec9f16.jpg?v=1639499347
6707862470698,Bundle Deal on BTBV Natural Hair Weft and Closure,(Bundle)14”-14”-14”+14”(Closure),Prarvi,Hair,bundle-deal-btbv-natural-hair-weft-closure,"Bundle Deals, Natural Virgin Color, Retail",225.00,169.00,,True,99,https://cdn.shopify.com/s/files/1/1059/1524/products/FullSizeRender_2_6a245405-7b89-46d2-a25e-b434b4ec9f16.jpg?v=1639499347
6707862470698,Bundle Deal on BTBV Natural Hair Weft and Closure,(Bundle)14”-14”-16”+14”(Closure),Prarvi,Hair,bundle-deal-btbv-natural-hair-weft-closure,"Bundle Deals, Natural Virgin Color, Retail",245.00,179.00,,True,99,https://cdn.shopify.com/s/files/1/1059/1524/products/FullSizeRender_2_6a245405-7b89-46d2-a25e-b434b4ec9f16.jpg?v=1639499347
6707862470698,Bundle Deal on BTBV Natural Hair Weft and Closure,(Bundle)16”-18”-18”+14”(Closure),Prarvi,Hair,bundle-deal-btbv-natural-hair-weft-closure,"Bundle Deals, Natural Virgin Color, Retail",295.00,189.00,,True,99,https://cdn.shopify.com/s/files/1/1059/1524/products/FullSizeRender_2_6a245405-7b89-46d2-a25e-b434b4ec9f16.jpg?v=1639499347
6707862470698,Bundle Deal on BTBV Natural Hair Weft and Closure,(Bundle)16”-18”-18”+16”(Closure),Prarvi,Hair,bundle-deal-btbv-natural-hair-weft-closure,"Bundle Deals, Natural Virgin Color, Retail",315.00,149.00,,True,100,https://cdn.shopify.com/s/files/1/1059/1524/products/FullSizeRender_2_6a245405-7b89-46d2-a25e-b434b4ec9f16.jpg?v=1639499347
6707862470698,Bundle Deal on BTBV Natural Hair Weft and Closure,(Bundle)18”-18”-18”+16”(Closure),Prarvi,Hair,bundle-deal-btbv-natural-hair-weft-closure,"Bundle Deals, Natural Virgin Color, Retail",335.00,139.00,,True,100,https://cdn.shopify.com/s/files/1/1059/1524/products/FullSizeRender_2_6a245405-7b89-46d2-a25e-b434b4ec9f16.jpg?v=1639499347
6707862470698,Bundle Deal on BTBV Natural Hair Weft and Closure,(Bundle)18”-20”-20”+18”(Closure),Prarvi,Hair,bundle-deal-btbv-natural-hair-weft-closure,"Bundle Deals, Natural Virgin Color, Retail",365.00,139.00,,True,100,https://cdn.shopify.com/s/files/1/1059/1524/products/FullSizeRender_2_6a245405-7b89-46d2-a25e-b434b4ec9f16.jpg?v=1639499347
1634725101610,Women Natural Hair Topper Size 8*10,10'',Prarvi Hair,Hair,women-natural-hair-topper-size-8-10,,549.00,399.00,WTP81010,True,0,https://cdn.shopify.com/s/files/1/1059/1524/products/IMG_3526_e81bc252-5a77-410d-b5ab-a3e1e492c3b0.jpg?v=1627145974
1634725101610,Women Natural Hair Topper Size 8*10,12'',Prarvi Hair,Hair,women-natural-hair-topper-size-8-10,,575.00,425.00,WTP81012,True,0,https://cdn.shopify.com/s/files/1/1059/1524/products/IMG_3526_e81bc252-5a77-410d-b5ab-a3e1e492c3b0.jpg?v=1627145974
1634725101610,Women Natural Hair Topper Size 8*10,14'',Prarvi Hair,Hair,women-natural-hair-topper-size-8-10,,599.00,475.00,WTP81014,True,0,https://cdn.shopify.com/s/files/1/1059/1524/products/IMG_3526_e81bc252-5a77-410d-b5ab-a3e1e492c3b0.jpg?v=1627145974
1634725101610,Women Natural Hair Topper Size 8*10,16'',Prarvi Hair,Hair,women-natural-hair-topper-size-8-10,,625.00,499.00,WTP81016,True,0,https://cdn.shopify.com/s/files/1/1059/1524/products/IMG_3526_e81bc252-5a77-410d-b5ab-a3e1e492c3b0.jpg?v=1627145974
1634725101610,Women Natural Hair Topper Size 8*10,18'',Prarvi Hair,Hair,women-natural-hair-topper-size-8-10,,649.00,475.00,WTP81018,True,0,https://cdn.shopify.com/s/files/1/1059/1524/products/IMG_3526_e81bc252-5a77-410d-b5ab-a3e1e492c3b0.jpg?v=1627145974
1634704195626,Women Natural Hair Topper Size 7*8,"10""",Prarvi Hair,Hair,women-natural-hair-topper-size-7-8,"alopecia, bald, bald patch, Retail, Women hair Topper",449.00,400.00,,True,0,https://cdn.shopify.com/s/files/1/1059/1524/products/IMG_3524_f2aeea7c-60af-498c-a2f0-06957a4b5558.jpg?v=1627145044
1634704195626,Women Natural Hair Topper Size 7*8,"12""",Prarvi Hair,Hair,women-natural-hair-topper-size-7-8,"alopecia, bald, bald patch, Retail, Women hair Topper",475.00,400.00,,True,0,https://cdn.shopify.com/s/files/1/1059/1524/products/IMG_3524_f2aeea7c-60af-498c-a2f0-06957a4b5558.jpg?v=1627145044
1634704195626,Women Natural Hair Topper Size 7*8,14'',Prarvi Hair,Hair,women-natural-hair-topper-size-7-8,"alopecia, bald, bald patch, Retail, Women hair Topper",499.00,400.00,WTP7814,True,0,https://cdn.shopify.com/s/files/1/1059/1524/products/IMG_3524_f2aeea7c-60af-498c-a2f0-06957a4b5558.jpg?v=1627145044
1634704195626,Women Natural Hair Topper Size 7*8,"16""",Prarvi Hair,Hair,women-natural-hair-topper-size-7-8,"alopecia, bald, bald patch, Retail, Women hair Topper",525.00,400.00,,True,0,https://cdn.shopify.com/s/files/1/1059/1524/products/IMG_3524_f2aeea7c-60af-498c-a2f0-06957a4b5558.jpg?v=1627145044
1634704195626,Women Natural Hair Topper Size 7*8,"18""",Prarvi Hair,Hair,women-natural-hair-topper-size-7-8,"alopecia, bald, bald patch, Retail, Women hair Topper",549.00,400.00,,True,0,https://cdn.shopify.com/s/files/1/1059/1524/products/IMG_3524_f2aeea7c-60af-498c-a2f0-06957a4b5558.jpg?v=1627145044
6611752058922,Ash Blonde Natural Straight Hair Micro Tips,"20""",Prarvi Hair,,ash-blonde-hair-micro-tips,"itips, keratin tips",115.00,,,True,0,https://cdn.shopify.com/s/files/1/1059/1524/products/IMG_7870.jpg?v=1667995793
6611740950570,Platinum Blonde Natural Wave I-Tip Hair Extensions,"20""",Prarvi Hair,,golden-blonde-i-tip-hair-extension,,115.00,,,True,0,https://cdn.shopify.com/s/files/1/1059/1524/products/IMG_7854.jpg?v=1667995804
6619460370474,Coral Green Natural Hair Extension,10,Prarvi,Hair,coral-green-natural-hair-extension,"Indian Natural Virgin Hair, Natural Virgin Color, Natural Wave, Non Steam Permed Hair, Retail",175.00,120.00,,True,99,https://cdn.shopify.com/s/files/1/1059/1524/products/IMG_9381.jpg?v=1626087147
6619460370474,Coral Green Natural Hair Extension,12,Prarvi,Hair,coral-green-natural-hair-extension,"Indian Natural Virgin Hair, Natural Virgin Color, Natural Wave, Non Steam Permed Hair, Retail",185.00,130.00,,True,99,https://cdn.shopify.com/s/files/1/1059/1524/products/IMG_9381.jpg?v=1626087147
6619460370474,Coral Green Natural Hair Extension,14,Prarvi,Hair,coral-green-natural-hair-extension,"Indian Natural Virgin Hair, Natural Virgin Color, Natural Wave, Non Steam Permed Hair, Retail",195.00,140.00,,True,99,https://cdn.shopify.com/s/files/1/1059/1524/products/IMG_9381.jpg?v=1626087147
6619460370474,Coral Green Natural Hair Extension,16,Prarvi,Hair,coral-green-natural-hair-extension,"Indian Natural Virgin Hair, Natural Virgin Color, Natural Wave, Non Steam Permed Hair, Retail",215.00,150.00,,True,99,https://cdn.shopify.com/s/files/1/1059/1524/products/IMG_9381.jpg?v=1626087147
6619460370474,Coral Green Natural Hair Extension,18,Prarvi,Hair,coral-green-natural-hair-extension,"Indian Natural Virgin Hair, Natural Virgin Color, Natural Wave, Non Steam Permed Hair, Retail",235.00,160.00,,True,99,https://cdn.shopify.com/s/files/1/1059/1524/products/IMG_9381.jpg?v=1626087147
6619461648426,Wine Red Natural Hair Extension,10,Prarvi,Hair,wine-red-natural-hair-extension,"Indian Natural Virgin Hair, Natural Virgin Color, Natural Wave, Non Steam Permed Hair, Retail",175.00,120.00,,True,99,https://cdn.shopify.com/s/files/1/1059/1524/products/IMG_9375.jpg?v=1626087564
6619461648426,Wine Red Natural Hair Extension,12,Prarvi,Hair,wine-red-natural-hair-extension,"Indian Natural Virgin Hair, Natural Virgin Color, Natural Wave, Non Steam Permed Hair, Retail",185.00,130.00,,True,99,https://cdn.shopify.com/s/files/1/1059/1524/products/IMG_9375.jpg?v=1626087564
6619461648426,Wine Red Natural Hair Extension,14,Prarvi,Hair,wine-red-natural-hair-extension,"Indian Natural Virgin Hair, Natural Virgin Color, Natural Wave, Non Steam Permed Hair, Retail",195.00,140.00,,True,99,https://cdn.shopify.com/s/files/1/1059/1524/products/IMG_9375.jpg?v=1626087564
6619461648426,Wine Red Natural Hair Extension,16,Prarvi,Hair,wine-red-natural-hair-extension,"Indian Natural Virgin Hair, Natural Virgin Color, Natural Wave, Non Steam Permed Hair, Retail",215.00,150.00,,True,99,https://cdn.shopify.com/s/files/1/1059/1524/products/IMG_9375.jpg?v=1626087564
6619461648426,Wine Red Natural Hair Extension,18,Prarvi,Hair,wine-red-natural-hair-extension,"Indian Natural Virgin Hair, Natural Virgin Color, Natural Wave, Non Steam Permed Hair, Retail",235.00,160.00,,True,99,https://cdn.shopify.com/s/files/1/1059/1524/products/IMG_9375.jpg?v=1626087564
6619461812266,Turk Blue Natural Hair Extension,10,Prarvi,Hair,turk-blue-natural-hair-extension,"Indian Natural Virgin Hair, Natural Virgin Color, Natural Wave, Non Steam Permed Hair, Retail",175.00,120.00,,True,99,https://cdn.shopify.com/s/files/1/1059/1524/products/IMG_9373.jpg?v=1626087703
6619461812266,Turk Blue Natural Hair Extension,12,Prarvi,Hair,turk-blue-natural-hair-extension,"Indian Natural Virgin Hair, Natural Virgin Color, Natural Wave, Non Steam Permed Hair, Retail",185.00,130.00,,True,99,https://cdn.shopify.com/s/files/1/1059/1524/products/IMG_9373.jpg?v=1626087703
6619461812266,Turk Blue Natural Hair Extension,14,Prarvi,Hair,turk-blue-natural-hair-extension,"Indian Natural Virgin Hair, Natural Virgin Color, Natural Wave, Non Steam Permed Hair, Retail",195.00,140.00,,True,99,https://cdn.shopify.com/s/files/1/1059/1524/products/IMG_9373.jpg?v=1626087703
6619461812266,Turk Blue Natural Hair Extension,16,Prarvi,Hair,turk-blue-natural-hair-extension,"Indian Natural Virgin Hair, Natural Virgin Color, Natural Wave, Non Steam Permed Hair, Retail",215.00,150.00,,True,99,https://cdn.shopify.com/s/files/1/1059/1524/products/IMG_9373.jpg?v=1626087703
6619461812266,Turk Blue Natural Hair Extension,18,Prarvi,Hair,turk-blue-natural-hair-extension,"Indian Natural Virgin Hair, Natural Virgin Color, Natural Wave, Non Steam Permed Hair, Retail",235.00,160.00,,True,99,https://cdn.shopify.com/s/files/1/1059/1524/products/IMG_9373.jpg?v=1626087703
6619454308394,Magenta Pink Natural Hair Extension,10,Prarvi,Hair,magenta-pink-natural-hair-extension,"Indian Natural Virgin Hair, Natural Virgin Color, Natural Wave, Non Steam Permed Hair, Retail",175.00,120.00,,True,99,https://cdn.shopify.com/s/files/1/1059/1524/products/IMG_9394.jpg?v=1626086994
6619454308394,Magenta Pink Natural Hair Extension,12,Prarvi,Hair,magenta-pink-natural-hair-extension,"Indian Natural Virgin Hair, Natural Virgin Color, Natural Wave, Non Steam Permed Hair, Retail",185.00,130.00,,True,99,https://cdn.shopify.com/s/files/1/1059/1524/products/IMG_9394.jpg?v=1626086994
6619454308394,Magenta Pink Natural Hair Extension,14,Prarvi,Hair,magenta-pink-natural-hair-extension,"Indian Natural Virgin Hair, Natural Virgin Color, Natural Wave, Non Steam Permed Hair, Retail",195.00,140.00,,True,99,https://cdn.shopify.com/s/files/1/1059/1524/products/IMG_9394.jpg?v=1626086994
6619454308394,Magenta Pink Natural Hair Extension,16,Prarvi,Hair,magenta-pink-natural-hair-extension,"Indian Natural Virgin Hair, Natural Virgin Color, Natural Wave, Non Steam Permed Hair, Retail",215.00,150.00,,True,99,https://cdn.shopify.com/s/files/1/1059/1524/products/IMG_9394.jpg?v=1626086994
6619454308394,Magenta Pink Natural Hair Extension,18,Prarvi,Hair,magenta-pink-natural-hair-extension,"Indian Natural Virgin Hair, Natural Virgin Color, Natural Wave, Non Steam Permed Hair, Retail",235.00,160.00,,True,99,https://cdn.shopify.com/s/files/1/1059/1524/products/IMG_9394.jpg?v=1626086994
6619459682346,Light Pink Natural Hair Extension,10,Prarvi,Hair,light-pink-natural-hair-extension,"Indian Natural Virgin Hair, Natural Virgin Color, Natural Wave, Non Steam Permed Hair, Retail, wigs",175.00,120.00,,True,99,https://cdn.shopify.com/s/files/1/1059/1524/products/IMG_9386_7ef0c304-8d01-428d-9710-56ee1e1030e1.jpg?v=1626086951
6619459682346,Light Pink Natural Hair Extension,12,Prarvi,Hair,light-pink-natural-hair-extension,"Indian Natural Virgin Hair, Natural Virgin Color, Natural Wave, Non Steam Permed Hair, Retail, wigs",185.00,130.00,,True,99,https://cdn.shopify.com/s/files/1/1059/1524/products/IMG_9386_7ef0c304-8d01-428d-9710-56ee1e1030e1.jpg?v=1626086951
6619459682346,Light Pink Natural Hair Extension,14,Prarvi,Hair,light-pink-natural-hair-extension,"Indian Natural Virgin Hair, Natural Virgin Color, Natural Wave, Non Steam Permed Hair, Retail, wigs",195.00,140.00,,True,99,https://cdn.shopify.com/s/files/1/1059/1524/products/IMG_9386_7ef0c304-8d01-428d-9710-56ee1e1030e1.jpg?v=1626086951
6619459682346,Light Pink Natural Hair Extension,16,Prarvi,Hair,light-pink-natural-hair-extension,"Indian Natural Virgin Hair, Natural Virgin Color, Natural Wave, Non Steam Permed Hair, Retail, wigs",215.00,150.00,,True,99,https://cdn.shopify.com/s/files/1/1059/1524/products/IMG_9386_7ef0c304-8d01-428d-9710-56ee1e1030e1.jpg?v=1626086951
6619459682346,Light Pink Natural Hair Extension,18,Prarvi,Hair,light-pink-natural-hair-extension,"Indian Natural Virgin Hair, Natural Virgin Color, Natural Wave, Non Steam Permed Hair, Retail, wigs",235.00,160.00,,True,99,https://cdn.shopify.com/s/files/1/1059/1524/products/IMG_9386_7ef0c304-8d01-428d-9710-56ee1e1030e1.jpg?v=1626086951
6619462271018,Naughty Red Natural Hair Extension,10,Prarvi,Hair,naughty-red-natural-hair-extension,"Indian Natural Virgin Hair, Natural Virgin Color, Natural Wave, Non Steam Permed Hair, Retail",175.00,120.00,,True,99,https://cdn.shopify.com/s/files/1/1059/1524/products/IMG_9399.jpg?v=1626087849
6619462271018,Naughty Red Natural Hair Extension,12,Prarvi,Hair,naughty-red-natural-hair-extension,"Indian Natural Virgin Hair, Natural Virgin Color, Natural Wave, Non Steam Permed Hair, Retail",185.00,130.00,,True,99,https://cdn.shopify.com/s/files/1/1059/1524/products/IMG_9399.jpg?v=1626087849
6619462271018,Naughty Red Natural Hair Extension,14,Prarvi,Hair,naughty-red-natural-hair-extension,"Indian Natural Virgin Hair, Natural Virgin Color, Natural Wave, Non Steam Permed Hair, Retail",195.00,140.00,,True,99,https://cdn.shopify.com/s/files/1/1059/1524/products/IMG_9399.jpg?v=1626087849
6619462271018,Naughty Red Natural Hair Extension,16,Prarvi,Hair,naughty-red-natural-hair-extension,"Indian Natural Virgin Hair, Natural Virgin Color, Natural Wave, Non Steam Permed Hair, Retail",215.00,150.00,,True,99,https://cdn.shopify.com/s/files/1/1059/1524/products/IMG_9399.jpg?v=1626087849
6619462271018,Naughty Red Natural Hair Extension,18,Prarvi,Hair,naughty-red-natural-hair-extension,"Indian Natural Virgin Hair, Natural Virgin Color, Natural Wave, Non Steam Permed Hair, Retail",235.00,160.00,,True,99,https://cdn.shopify.com/s/files/1/1059/1524/products/IMG_9399.jpg?v=1626087849
6611737739306,Brown Silky Straight I-Tip Hair Extension,"20""",Prarvi Hair,,brown-silky-straight-i-tip-hair-extension,,135.00,,,True,0,https://cdn.shopify.com/s/files/1/1059/1524/products/IMG_7873.jpg?v=1626091887
6611737739306,Brown Silky Straight I-Tip Hair Extension,"24""",Prarvi Hair,,brown-silky-straight-i-tip-hair-extension,,150.00,,,True,0,https://cdn.shopify.com/s/files/1/1059/1524/products/IMG_7873.jpg?v=1626091887
6611737739306,Brown Silky Straight I-Tip Hair Extension,"28""",Prarvi Hair,,brown-silky-straight-i-tip-hair-extension,,160.00,,,True,0,https://cdn.shopify.com/s/files/1/1059/1524/products/IMG_7873.jpg?v=1626091887
6611737739306,Brown Silky Straight I-Tip Hair Extension,"32""",Prarvi Hair,,brown-silky-straight-i-tip-hair-extension,,170.00,,,True,0,https://cdn.shopify.com/s/files/1/1059/1524/products/IMG_7873.jpg?v=1626091887
6611752517674,Ash Blonde Natural Wave Hair Micro Tips,"20""",Prarvi Hair,,ash-blonde-natural-wave-hair-micro-tips,,115.00,,,True,0,https://cdn.shopify.com/s/files/1/1059/1524/products/IMG_7846.jpg?v=1626091841
6611752517674,Ash Blonde Natural Wave Hair Micro Tips,"24""",Prarvi Hair,,ash-blonde-natural-wave-hair-micro-tips,,125.00,,,True,0,https://cdn.shopify.com/s/files/1/1059/1524/products/IMG_7846.jpg?v=1626091841
6583023927338,Relaxed Hair I-Tip,"18""",Prarvi Hair,,yaki-i-tip-hair-extension,,99.00,,,True,0,https://cdn.shopify.com/s/files/1/1059/1524/products/IMG_7810_85795840-adbf-4b13-a376-fef6588545b8.jpg?v=1626092018
6583023927338,Relaxed Hair I-Tip,"20""",Prarvi Hair,,yaki-i-tip-hair-extension,,109.00,,,True,0,https://cdn.shopify.com/s/files/1/1059/1524/products/IMG_7810_85795840-adbf-4b13-a376-fef6588545b8.jpg?v=1626092018
6583040016426,Prarvi Hair Platinum Blonde Natural Straight Micro Tips,"20""",Prarvi Hair,,platinum-blonde-i-tip-hair-extension,,115.00,,,True,0,https://cdn.shopify.com/s/files/1/1059/1524/products/IMG_7839_1966c381-dc96-4cd5-b7f9-8e8f6aa4cb1a.jpg?v=1626091929
6583031726122,Loose Curly Round Shape I-Tip Hair Extension,"18""",Prarvi Hair,,loose-curly-round-shape-i-tip-hair-extension,,99.00,,,True,0,https://cdn.shopify.com/s/files/1/1059/1524/products/IMG_7818.jpg?v=1626092273
6583031726122,Loose Curly Round Shape I-Tip Hair Extension,"20""",Prarvi Hair,,loose-curly-round-shape-i-tip-hair-extension,,109.00,,,True,0,https://cdn.shopify.com/s/files/1/1059/1524/products/IMG_7818.jpg?v=1626092273
6583031726122,Loose Curly Round Shape I-Tip Hair Extension,"24""",Prarvi Hair,,loose-curly-round-shape-i-tip-hair-extension,,115.00,,,True,0,https://cdn.shopify.com/s/files/1/1059/1524/products/IMG_7818.jpg?v=1626092273
6575590998058,Prarvi Kinky Curly I-Tip Hair Extensions,"18""",Prarvi Hair,,curly-micro-link,"itips, keratin tips, microlinks",99.00,,,True,0,https://cdn.shopify.com/s/files/1/1059/1524/products/IMG_7816_7ad92e29-dd9f-4b03-8d0c-6d5f6fcad6ec.jpg?v=1667995834
6575590998058,Prarvi Kinky Curly I-Tip Hair Extensions,"20""",Prarvi Hair,,curly-micro-link,"itips, keratin tips, microlinks",109.00,,,True,0,https://cdn.shopify.com/s/files/1/1059/1524/products/IMG_7816_7ad92e29-dd9f-4b03-8d0c-6d5f6fcad6ec.jpg?v=1667995834
6560774684714,Ash Blonde Hair Sample Piece,Ash Blonde Hair Sample Piece,Prarvi Hair,,ash-blonde-sample-piece,,5.00,,,True,0,https://cdn.shopify.com/s/files/1/1059/1524/products/IMG_7384.jpg?v=1618406837
6560774422570,Hair Extension Sample Kit - Platinum Blonde Natural Black Texture,Platinum Blonde Hair Sample Piece,Prarvi Hair,,platinum-hair-sample,,5.00,,,True,0,https://cdn.shopify.com/s/files/1/1059/1524/products/IMG_7397.jpg?v=1618406741
6560773832746,Hair Sample Piece,Hair Sample Piece,Prarvi Hair,,hey-sample-piece,,5.00,,,True,0,https://cdn.shopify.com/s/files/1/1059/1524/products/IMG_7394.jpg?v=1618406536
6560760791082,Afro Thin Hair Sample,Afro Thin Hair Sample Piece,Prarvi Hair,,afro-thin-hair-sample,,5.00,,,True,0,https://cdn.shopify.com/s/files/1/1059/1524/products/IMG_7410.jpg?v=1618402349
6560318816298,Natural Wave Hair Sample Piece,Natural Wave Hair Sample Piece,Prarvi Hair,,natural-wave-hair-sample,,5.00,,,True,0,https://cdn.shopify.com/s/files/1/1059/1524/products/IMG_7405.jpg?v=1618317304
6560320389162,Kinky Curl Hair Sample Piece,Kinky Curl Hair Sample Piece,Prarvi Hair,,kinky-curl-hair-sample,curly,5.00,,,True,0,https://cdn.shopify.com/s/files/1/1059/1524/products/IMG_7407.jpg?v=1618317829
6560316784682,Afro Thick Hair Sample Piece,Afro Thick Hair Sample Piece,Prarvi Hair,,afro-thick-hair-sample-piece,,5.00,,,True,0,https://cdn.shopify.com/s/files/1/1059/1524/products/IMG_7413.jpg?v=1618316489
6560313147434,Body Wave Hair Sample Piece,Body Wave Sample Piece,Prarvi Hair,,body-wave-hair-sample,,5.00,,,True,0,https://cdn.shopify.com/s/files/1/1059/1524/products/IMG_7401.jpg?v=1618315662
6557963976746,Relaxed Hair Sample Piece,Relaxed Hair Sample Piece,Prarvi Hair,,relaxed-sample-piece,,5.00,,,True,0,https://cdn.shopify.com/s/files/1/1059/1524/products/IMG_7380.jpg?v=1617795469
6557961846826,Golden Blonde Hair Sample Piece,Golden Blonde Sample Piece,Prarvi Hair,,blonde-hair-sample,,5.00,,GBSAMPLE,True,0,https://cdn.shopify.com/s/files/1/1059/1524/products/IMG_7388.jpg?v=1617794860
6557953982506,Grey Hair Sample Piece,Grey Sample Piece,Prarvi Hair,,grey-sample-hair,,5.00,,GRSAMPLE,False,0,https://cdn.shopify.com/s/files/1/1059/1524/products/IMG_7391.jpg?v=1617793015
4631383638058,Platinum Blonde Wavy Tape-In Extension,20”,Prarvi Hair,Hair,ash-blonde-tape-in,"Hair Stand Highlighter, Retail",105.00,20.00,TP613,True,0,https://cdn.shopify.com/s/files/1/1059/1524/products/TAPIN613C.jpg?v=1606727546
4631387308074,Natural Wavy Tape-In Extension,"12""",Prarvi Hair,Hair,natural-wavy-tape-in-extension,"Hair Stand Highlighter, Retail",79.00,20.00,TP1B12,True,0,https://cdn.shopify.com/s/files/1/1059/1524/products/TAPEIN1B_1.jpg?v=1606727838
4631387308074,Natural Wavy Tape-In Extension,"16""",Prarvi Hair,Hair,natural-wavy-tape-in-extension,"Hair Stand Highlighter, Retail",89.00,20.00,TP1B216,True,0,https://cdn.shopify.com/s/files/1/1059/1524/products/TAPEIN1B_1.jpg?v=1606727838
4631387308074,Natural Wavy Tape-In Extension,20”,Prarvi Hair,Hair,natural-wavy-tape-in-extension,"Hair Stand Highlighter, Retail",99.00,20.00,TP1B20,True,0,https://cdn.shopify.com/s/files/1/1059/1524/products/TAPEIN1B_1.jpg?v=1606727838
4631386980394,Ash Blonde Wavy Tape-In Extension,20”,Prarvi Hair,Hair,ash-blonde-wavy-tape-in,"Hair Stand Highlighter, Natural Wave, Retail, tape ins",105.00,20.00,TP27,True,0,https://cdn.shopify.com/s/files/1/1059/1524/products/TAPEIN27B.jpg?v=1613476325
4653898596394,Prarvi Clip-On Volumizer - Platinum Blonde Natural Wavy Raw Human Hair,20'',Prarvi Hair,,platinum-blonde-clip-ons-volumizer,,399.00,,,True,0,https://cdn.shopify.com/s/files/1/1059/1524/products/613clipon_9.jpg?v=1610854424
4653900169258,Ash Blonde Clip-Ons Volumizer,20'',Prarvi Hair,,ash-blonde-clip-ons-volumizer,,399.00,,,True,0,https://cdn.shopify.com/s/files/1/1059/1524/products/27clipon_5.jpg?v=1610854361
4653892337706,Ash Blonde Lace Frontal: 100% Raw Human Hair,14'',Prarvi Hair,Hair,ash-blonde-lace-frontal,Natural Virgin Color,389.00,,,True,0,https://cdn.shopify.com/s/files/1/1059/1524/products/27frontal27_4.jpg?v=1610370653
4653892337706,Ash Blonde Lace Frontal: 100% Raw Human Hair,16'',Prarvi Hair,Hair,ash-blonde-lace-frontal,Natural Virgin Color,399.00,,,True,0,https://cdn.shopify.com/s/files/1/1059/1524/products/27frontal27_4.jpg?v=1610370653
4653892337706,Ash Blonde Lace Frontal: 100% Raw Human Hair,18'',Prarvi Hair,Hair,ash-blonde-lace-frontal,Natural Virgin Color,415.00,,,True,0,https://cdn.shopify.com/s/files/1/1059/1524/products/27frontal27_4.jpg?v=1610370653
4653892337706,Ash Blonde Lace Frontal: 100% Raw Human Hair,20'',Prarvi Hair,Hair,ash-blonde-lace-frontal,Natural Virgin Color,429.00,,,True,0,https://cdn.shopify.com/s/files/1/1059/1524/products/27frontal27_4.jpg?v=1610370653
4653883752490,Ash Blonde Pure Raw Virgin Indian Human Hair Clip-Ins,14,Prarvi Hair,Hair,blonde-clip-ons,"Clip-In Set, hair volumizer, Indian Natural Virgin Hair, Retail",259.00,270.00,,True,0,https://cdn.shopify.com/s/files/1/1059/1524/products/27clipon_2_-1.jpg?v=1610367367
4653883752490,Ash Blonde Pure Raw Virgin Indian Human Hair Clip-Ins,18,Prarvi Hair,Hair,blonde-clip-ons,"Clip-In Set, hair volumizer, Indian Natural Virgin Hair, Retail",280.00,290.00,,True,0,https://cdn.shopify.com/s/files/1/1059/1524/products/27clipon_2_-1.jpg?v=1610367367
4653883752490,Ash Blonde Pure Raw Virgin Indian Human Hair Clip-Ins,20,Prarvi Hair,Hair,blonde-clip-ons,"Clip-In Set, hair volumizer, Indian Natural Virgin Hair, Retail",309.00,320.00,,True,0,https://cdn.shopify.com/s/files/1/1059/1524/products/27clipon_2_-1.jpg?v=1610367367
4653883752490,Ash Blonde Pure Raw Virgin Indian Human Hair Clip-Ins,22,Prarvi Hair,Hair,blonde-clip-ons,"Clip-In Set, hair volumizer, Indian Natural Virgin Hair, Retail",335.00,340.00,,True,0,https://cdn.shopify.com/s/files/1/1059/1524/products/27clipon_2_-1.jpg?v=1610367367
4653883752490,Ash Blonde Pure Raw Virgin Indian Human Hair Clip-Ins,24,Prarvi Hair,Hair,blonde-clip-ons,"Clip-In Set, hair volumizer, Indian Natural Virgin Hair, Retail",360.00,380.00,,True,0,https://cdn.shopify.com/s/files/1/1059/1524/products/27clipon_2_-1.jpg?v=1610367367
1713694113834,Leopard Hair Strand Highlighter,20 / Leopard  Highlighter,Prarvi Hair,Hair,leopard-hair-highlighter,"Hair Stand Highlighter, Retail",18.00,25.00,SHLP12,True,0,https://cdn.shopify.com/s/files/1/1059/1524/products/ZT4pl6u8.jpg?v=1610197986
420414521383,Men's  Alopecia  Clip-on Toupee,"11"" * 8""",Prarvi Hair,Topper,mens-toupee,"men toupee, Women hair Topper",549.00,,MT118,True,0,https://cdn.shopify.com/s/files/1/1059/1524/products/IMG-6836_1.jpg?v=1609404194
7826346192,Platinum Blonde Virgin Remy Lace Closure - 100% Handmade with Natural Wave Texture,10,Prarvi Hair,Hair,lace-closure-swiss-natural-wave-613,Closure,159.00,,LCSNW61310,True,0,https://cdn.shopify.com/s/files/1/1059/1524/products/38_1.jpg?v=1609147464
7826346192,Platinum Blonde Virgin Remy Lace Closure - 100% Handmade with Natural Wave Texture,12,Prarvi Hair,Hair,lace-closure-swiss-natural-wave-613,Closure,169.00,,LCSNW61312,True,0,https://cdn.shopify.com/s/files/1/1059/1524/products/38_1.jpg?v=1609147464
7826346192,Platinum Blonde Virgin Remy Lace Closure - 100% Handmade with Natural Wave Texture,14,Prarvi Hair,Hair,lace-closure-swiss-natural-wave-613,Closure,179.00,,LCSNW61314,True,0,https://cdn.shopify.com/s/files/1/1059/1524/products/38_1.jpg?v=1609147464
7826346192,Platinum Blonde Virgin Remy Lace Closure - 100% Handmade with Natural Wave Texture,16,Prarvi Hair,Hair,lace-closure-swiss-natural-wave-613,Closure,199.00,,LCSNW61316,True,0,https://cdn.shopify.com/s/files/1/1059/1524/products/38_1.jpg?v=1609147464
7826346192,Platinum Blonde Virgin Remy Lace Closure - 100% Handmade with Natural Wave Texture,18,Prarvi Hair,Hair,lace-closure-swiss-natural-wave-613,Closure,219.00,,LCSNW61318,True,0,https://cdn.shopify.com/s/files/1/1059/1524/products/38_1.jpg?v=1609147464
7826346192,Platinum Blonde Virgin Remy Lace Closure - 100% Handmade with Natural Wave Texture,20,Prarvi Hair,Hair,lace-closure-swiss-natural-wave-613,Closure,229.00,,LCSNW61320,True,0,https://cdn.shopify.com/s/files/1/1059/1524/products/38_1.jpg?v=1609147464
7826346192,Platinum Blonde Virgin Remy Lace Closure - 100% Handmade with Natural Wave Texture,22,Prarvi Hair,Hair,lace-closure-swiss-natural-wave-613,Closure,239.00,,LCSNW61322,True,0,https://cdn.shopify.com/s/files/1/1059/1524/products/38_1.jpg?v=1609147464
4644360093738,Loose Curly Platinum Blonde Lace Closure (4x4),10,Prarvi Hair,Hair,blonde-loose-curly-closure-4-by-4,"Closure, Indian Natural Virgin Hair, Retail",159.00,159.00,CLLC61310,True,0,https://cdn.shopify.com/s/files/1/1059/1524/products/lc6134by4e.jpg?v=1608555953
4644360093738,Loose Curly Platinum Blonde Lace Closure (4x4),12,Prarvi Hair,Hair,blonde-loose-curly-closure-4-by-4,"Closure, Indian Natural Virgin Hair, Retail",169.00,169.00,CLLC61312,True,0,https://cdn.shopify.com/s/files/1/1059/1524/products/lc6134by4e.jpg?v=1608555953
4644360093738,Loose Curly Platinum Blonde Lace Closure (4x4),14,Prarvi Hair,Hair,blonde-loose-curly-closure-4-by-4,"Closure, Indian Natural Virgin Hair, Retail",179.00,179.00,CLLC61314,True,0,https://cdn.shopify.com/s/files/1/1059/1524/products/lc6134by4e.jpg?v=1608555953
4644360093738,Loose Curly Platinum Blonde Lace Closure (4x4),16,Prarvi Hair,Hair,blonde-loose-curly-closure-4-by-4,"Closure, Indian Natural Virgin Hair, Retail",199.00,189.00,CLLC61316,True,0,https://cdn.shopify.com/s/files/1/1059/1524/products/lc6134by4e.jpg?v=1608555953
4644360093738,Loose Curly Platinum Blonde Lace Closure (4x4),18,Prarvi Hair,Hair,blonde-loose-curly-closure-4-by-4,"Closure, Indian Natural Virgin Hair, Retail",219.00,199.00,CLLC61318,True,0,https://cdn.shopify.com/s/files/1/1059/1524/products/lc6134by4e.jpg?v=1608555953
4644360093738,Loose Curly Platinum Blonde Lace Closure (4x4),20,Prarvi Hair,Hair,blonde-loose-curly-closure-4-by-4,"Closure, Indian Natural Virgin Hair, Retail",229.00,210.00,CLLC61320,True,0,https://cdn.shopify.com/s/files/1/1059/1524/products/lc6134by4e.jpg?v=1608555953
4644360093738,Loose Curly Platinum Blonde Lace Closure (4x4),22,Prarvi Hair,Hair,blonde-loose-curly-closure-4-by-4,"Closure, Indian Natural Virgin Hair, Retail",239.00,220.00,CLLC61322,True,0,https://cdn.shopify.com/s/files/1/1059/1524/products/lc6134by4e.jpg?v=1608555953
4644373823530,Kinky Curly Platinum Blonde Lace Closure - 100% Virgin Indian Hair,10,Prarvi Hair,Hair,platinum-blonde-kinky-curly-closure-4-by-4,"Closure, Indian Natural Virgin Hair, Retail",159.00,159.00,,True,0,https://cdn.shopify.com/s/files/1/1059/1524/products/jackson614_4by4.jpg?v=1608557291
4644373823530,Kinky Curly Platinum Blonde Lace Closure - 100% Virgin Indian Hair,12,Prarvi Hair,Hair,platinum-blonde-kinky-curly-closure-4-by-4,"Closure, Indian Natural Virgin Hair, Retail",169.00,169.00,,True,0,https://cdn.shopify.com/s/files/1/1059/1524/products/jackson614_4by4.jpg?v=1608557291
4644373823530,Kinky Curly Platinum Blonde Lace Closure - 100% Virgin Indian Hair,14,Prarvi Hair,Hair,platinum-blonde-kinky-curly-closure-4-by-4,"Closure, Indian Natural Virgin Hair, Retail",179.00,179.00,,True,0,https://cdn.shopify.com/s/files/1/1059/1524/products/jackson614_4by4.jpg?v=1608557291
4644373823530,Kinky Curly Platinum Blonde Lace Closure - 100% Virgin Indian Hair,16,Prarvi Hair,Hair,platinum-blonde-kinky-curly-closure-4-by-4,"Closure, Indian Natural Virgin Hair, Retail",199.00,189.00,,True,0,https://cdn.shopify.com/s/files/1/1059/1524/products/jackson614_4by4.jpg?v=1608557291
4644373823530,Kinky Curly Platinum Blonde Lace Closure - 100% Virgin Indian Hair,18,Prarvi Hair,Hair,platinum-blonde-kinky-curly-closure-4-by-4,"Closure, Indian Natural Virgin Hair, Retail",219.00,199.00,,True,0,https://cdn.shopify.com/s/files/1/1059/1524/products/jackson614_4by4.jpg?v=1608557291
4644373823530,Kinky Curly Platinum Blonde Lace Closure - 100% Virgin Indian Hair,20,Prarvi Hair,Hair,platinum-blonde-kinky-curly-closure-4-by-4,"Closure, Indian Natural Virgin Hair, Retail",229.00,210.00,,True,0,https://cdn.shopify.com/s/files/1/1059/1524/products/jackson614_4by4.jpg?v=1608557291
4644373823530,Kinky Curly Platinum Blonde Lace Closure - 100% Virgin Indian Hair,22,Prarvi Hair,Hair,platinum-blonde-kinky-curly-closure-4-by-4,"Closure, Indian Natural Virgin Hair, Retail",239.00,220.00,,True,0,https://cdn.shopify.com/s/files/1/1059/1524/products/jackson614_4by4.jpg?v=1608557291
7826449744,Prarvi Loose Curly Lace Closures - Handmade from 100% Virgin Remy Hair,"10"" / 4by4",Prarvi Hair,Hair,lace-closure-swiss-loose,"closures, Retail",149.00,129.00,CLLC10,True,0,https://cdn.shopify.com/s/files/1/1059/1524/products/LC5BY5_1.jpg?v=1608550650
7826449744,Prarvi Loose Curly Lace Closures - Handmade from 100% Virgin Remy Hair,"12"" / 4by4",Prarvi Hair,Hair,lace-closure-swiss-loose,"closures, Retail",159.00,139.00,CLLC12,True,0,https://cdn.shopify.com/s/files/1/1059/1524/products/LC5BY5_1.jpg?v=1608550650
7826449744,Prarvi Loose Curly Lace Closures - Handmade from 100% Virgin Remy Hair,"14"" / 4by4",Prarvi Hair,Hair,lace-closure-swiss-loose,"closures, Retail",169.00,149.00,CLLC14,True,0,https://cdn.shopify.com/s/files/1/1059/1524/products/LC5BY5_1.jpg?v=1608550650
7826449744,Prarvi Loose Curly Lace Closures - Handmade from 100% Virgin Remy Hair,"14"" / 5by5",Prarvi Hair,Hair,lace-closure-swiss-loose,"closures, Retail",179.00,,CLLC514,True,0,https://cdn.shopify.com/s/files/1/1059/1524/products/LC5BY5_1.jpg?v=1608550650
7826449744,Prarvi Loose Curly Lace Closures - Handmade from 100% Virgin Remy Hair,"16"" / 4by4",Prarvi Hair,Hair,lace-closure-swiss-loose,"closures, Retail",189.00,159.00,CLLC16,True,0,https://cdn.shopify.com/s/files/1/1059/1524/products/LC5BY5_1.jpg?v=1608550650
7826449744,Prarvi Loose Curly Lace Closures - Handmade from 100% Virgin Remy Hair,"16"" / 5by5",Prarvi Hair,Hair,lace-closure-swiss-loose,"closures, Retail",199.00,,CLLC516,True,0,https://cdn.shopify.com/s/files/1/1059/1524/products/LC5BY5_1.jpg?v=1608550650
7826449744,Prarvi Loose Curly Lace Closures - Handmade from 100% Virgin Remy Hair,"18"" / 4by4",Prarvi Hair,Hair,lace-closure-swiss-loose,"closures, Retail",199.00,169.00,CLLC18,True,0,https://cdn.shopify.com/s/files/1/1059/1524/products/LC5BY5_1.jpg?v=1608550650
7826449744,Prarvi Loose Curly Lace Closures - Handmade from 100% Virgin Remy Hair,"18"" / 5by5",Prarvi Hair,Hair,lace-closure-swiss-loose,"closures, Retail",209.00,,CLLC518,True,0,https://cdn.shopify.com/s/files/1/1059/1524/products/LC5BY5_1.jpg?v=1608550650
7826449744,Prarvi Loose Curly Lace Closures - Handmade from 100% Virgin Remy Hair,"20"" / 4by4",Prarvi Hair,Hair,lace-closure-swiss-loose,"closures, Retail",209.00,189.00,CLLC20,True,0,https://cdn.shopify.com/s/files/1/1059/1524/products/LC5BY5_1.jpg?v=1608550650
7826449744,Prarvi Loose Curly Lace Closures - Handmade from 100% Virgin Remy Hair,"20"" / 5by5",Prarvi Hair,Hair,lace-closure-swiss-loose,"closures, Retail",219.00,,CLLC520,True,0,https://cdn.shopify.com/s/files/1/1059/1524/products/LC5BY5_1.jpg?v=1608550650
7826449744,Prarvi Loose Curly Lace Closures - Handmade from 100% Virgin Remy Hair,"22"" / 4by4",Prarvi Hair,Hair,lace-closure-swiss-loose,"closures, Retail",229.00,199.00,CLLC22,True,0,https://cdn.shopify.com/s/files/1/1059/1524/products/LC5BY5_1.jpg?v=1608550650
7826449744,Prarvi Loose Curly Lace Closures - Handmade from 100% Virgin Remy Hair,"22"" / 5by5",Prarvi Hair,Hair,lace-closure-swiss-loose,"closures, Retail",239.00,,CLLC522,True,0,https://cdn.shopify.com/s/files/1/1059/1524/products/LC5BY5_1.jpg?v=1608550650
4645898354730,Silky Straight Closure,"10"" / 4by4",Prarvi Hair,Hair,silky-straight-closure-2,"Closure, Indian Natural Virgin Hair, Jackson Wave, Natural Virgin Color, Retail",149.00,150.00,,True,0,https://cdn.shopify.com/s/files/1/1059/1524/products/NM43KNTM_c4c3782e-5c31-46da-bc8d-e24be4cbcc38.jpg?v=1608828901
4645898354730,Silky Straight Closure,"12"" / 4by4",Prarvi Hair,Hair,silky-straight-closure-2,"Closure, Indian Natural Virgin Hair, Jackson Wave, Natural Virgin Color, Retail",159.00,160.00,,True,0,https://cdn.shopify.com/s/files/1/1059/1524/products/NM43KNTM_c4c3782e-5c31-46da-bc8d-e24be4cbcc38.jpg?v=1608828901
4645898354730,Silky Straight Closure,"14"" / 4by4",Prarvi Hair,Hair,silky-straight-closure-2,"Closure, Indian Natural Virgin Hair, Jackson Wave, Natural Virgin Color, Retail",169.00,170.00,,True,0,https://cdn.shopify.com/s/files/1/1059/1524/products/NM43KNTM_c4c3782e-5c31-46da-bc8d-e24be4cbcc38.jpg?v=1608828901
4645898354730,Silky Straight Closure,"14"" / 5by5",Prarvi Hair,Hair,silky-straight-closure-2,"Closure, Indian Natural Virgin Hair, Jackson Wave, Natural Virgin Color, Retail",179.00,180.00,,True,0,https://cdn.shopify.com/s/files/1/1059/1524/products/NM43KNTM_c4c3782e-5c31-46da-bc8d-e24be4cbcc38.jpg?v=1608828901
4645898354730,Silky Straight Closure,"16"" / 4by4",Prarvi Hair,Hair,silky-straight-closure-2,"Closure, Indian Natural Virgin Hair, Jackson Wave, Natural Virgin Color, Retail",189.00,180.00,,True,0,https://cdn.shopify.com/s/files/1/1059/1524/products/NM43KNTM_c4c3782e-5c31-46da-bc8d-e24be4cbcc38.jpg?v=1608828901
4645898354730,Silky Straight Closure,"16"" / 5by5",Prarvi Hair,Hair,silky-straight-closure-2,"Closure, Indian Natural Virgin Hair, Jackson Wave, Natural Virgin Color, Retail",199.00,190.00,,True,0,https://cdn.shopify.com/s/files/1/1059/1524/products/NM43KNTM_c4c3782e-5c31-46da-bc8d-e24be4cbcc38.jpg?v=1608828901
4645898354730,Silky Straight Closure,"18"" / 4by4",Prarvi Hair,Hair,silky-straight-closure-2,"Closure, Indian Natural Virgin Hair, Jackson Wave, Natural Virgin Color, Retail",199.00,200.00,,True,0,https://cdn.shopify.com/s/files/1/1059/1524/products/NM43KNTM_c4c3782e-5c31-46da-bc8d-e24be4cbcc38.jpg?v=1608828901
4645898354730,Silky Straight Closure,"18"" / 5by5",Prarvi Hair,Hair,silky-straight-closure-2,"Closure, Indian Natural Virgin Hair, Jackson Wave, Natural Virgin Color, Retail",209.00,210.00,,True,0,https://cdn.shopify.com/s/files/1/1059/1524/products/NM43KNTM_c4c3782e-5c31-46da-bc8d-e24be4cbcc38.jpg?v=1608828901
4645898354730,Silky Straight Closure,"20"" / 4by4",Prarvi Hair,Hair,silky-straight-closure-2,"Closure, Indian Natural Virgin Hair, Jackson Wave, Natural Virgin Color, Retail",209.00,210.00,,True,0,https://cdn.shopify.com/s/files/1/1059/1524/products/NM43KNTM_c4c3782e-5c31-46da-bc8d-e24be4cbcc38.jpg?v=1608828901
4645898354730,Silky Straight Closure,"20"" / 5by5",Prarvi Hair,Hair,silky-straight-closure-2,"Closure, Indian Natural Virgin Hair, Jackson Wave, Natural Virgin Color, Retail",219.00,230.00,,True,0,https://cdn.shopify.com/s/files/1/1059/1524/products/NM43KNTM_c4c3782e-5c31-46da-bc8d-e24be4cbcc38.jpg?v=1608828901
4645898354730,Silky Straight Closure,"22"" / 4by4",Prarvi Hair,Hair,silky-straight-closure-2,"Closure, Indian Natural Virgin Hair, Jackson Wave, Natural Virgin Color, Retail",229.00,230.00,,True,0,https://cdn.shopify.com/s/files/1/1059/1524/products/NM43KNTM_c4c3782e-5c31-46da-bc8d-e24be4cbcc38.jpg?v=1608828901
4645898354730,Silky Straight Closure,"22"" / 5by5",Prarvi Hair,Hair,silky-straight-closure-2,"Closure, Indian Natural Virgin Hair, Jackson Wave, Natural Virgin Color, Retail",239.00,250.00,,True,0,https://cdn.shopify.com/s/files/1/1059/1524/products/NM43KNTM_c4c3782e-5c31-46da-bc8d-e24be4cbcc38.jpg?v=1608828901
413364650023,Kinky / Deep Curly Closure,"10"" / 4by4",Prarvi Hair,Hair,kinky-curly-closure,"Closure, Indian Natural Virgin Hair, Natural Virgin Color, Retail",149.00,129.00,CLKC414,True,0,https://cdn.shopify.com/s/files/1/1059/1524/products/jc5by5a_5.jpg?v=1608549973
413364650023,Kinky / Deep Curly Closure,"12"" / 4by4",Prarvi Hair,Hair,kinky-curly-closure,"Closure, Indian Natural Virgin Hair, Natural Virgin Color, Retail",159.00,139.00,CLKC416,True,0,https://cdn.shopify.com/s/files/1/1059/1524/products/jc5by5a_5.jpg?v=1608549973
413364650023,Kinky / Deep Curly Closure,"14"" / 4by4",Prarvi Hair,Hair,kinky-curly-closure,"Closure, Indian Natural Virgin Hair, Natural Virgin Color, Retail",169.00,149.00,CLKC418,True,0,https://cdn.shopify.com/s/files/1/1059/1524/products/jc5by5a_5.jpg?v=1608549973
413364650023,Kinky / Deep Curly Closure,"16"" / 4by4",Prarvi Hair,Hair,kinky-curly-closure,"Closure, Indian Natural Virgin Hair, Natural Virgin Color, Retail",189.00,159.00,CLKC420,True,0,https://cdn.shopify.com/s/files/1/1059/1524/products/jc5by5a_5.jpg?v=1608549973
413364650023,Kinky / Deep Curly Closure,"18"" / 5by5",Prarvi Hair,Hair,kinky-curly-closure,"Closure, Indian Natural Virgin Hair, Natural Virgin Color, Retail",209.00,190.00,CLKC518,True,0,https://cdn.shopify.com/s/files/1/1059/1524/products/jc5by5a_5.jpg?v=1608549973
413364650023,Kinky / Deep Curly Closure,"20"" / 4by4",Prarvi Hair,Hair,kinky-curly-closure,"Closure, Indian Natural Virgin Hair, Natural Virgin Color, Retail",209.00,189.00,CLKC420,True,0,https://cdn.shopify.com/s/files/1/1059/1524/products/jc5by5a_5.jpg?v=1608549973
413364650023,Kinky / Deep Curly Closure,"22"" / 4by4",Prarvi Hair,Hair,kinky-curly-closure,"Closure, Indian Natural Virgin Hair, Natural Virgin Color, Retail",229.00,199.00,CLKC422,True,0,https://cdn.shopify.com/s/files/1/1059/1524/products/jc5by5a_5.jpg?v=1608549973
413364650023,Kinky / Deep Curly Closure,"22"" / 5by5",Prarvi Hair,Hair,kinky-curly-closure,"Closure, Indian Natural Virgin Hair, Natural Virgin Color, Retail",239.00,220.00,CLKC522,True,0,https://cdn.shopify.com/s/files/1/1059/1524/products/jc5by5a_5.jpg?v=1608549973
413364650023,Kinky / Deep Curly Closure,"14"" / 5by5",Prarvi Hair,Hair,kinky-curly-closure,"Closure, Indian Natural Virgin Hair, Natural Virgin Color, Retail",179.00,170.00,CLKC514,True,0,https://cdn.shopify.com/s/files/1/1059/1524/products/jc5by5a_5.jpg?v=1608549973
413364650023,Kinky / Deep Curly Closure,"16"" / 5by5",Prarvi Hair,Hair,kinky-curly-closure,"Closure, Indian Natural Virgin Hair, Natural Virgin Color, Retail",199.00,180.00,CLKC516,True,0,https://cdn.shopify.com/s/files/1/1059/1524/products/jc5by5a_5.jpg?v=1608549973
413364650023,Kinky / Deep Curly Closure,"18"" / 4by4",Prarvi Hair,Hair,kinky-curly-closure,"Closure, Indian Natural Virgin Hair, Natural Virgin Color, Retail",199.00,169.00,CLKC418,True,0,https://cdn.shopify.com/s/files/1/1059/1524/products/jc5by5a_5.jpg?v=1608549973
413364650023,Kinky / Deep Curly Closure,"20"" / 5by5",Prarvi Hair,Hair,kinky-curly-closure,"Closure, Indian Natural Virgin Hair, Natural Virgin Color, Retail",219.00,210.00,CLKC520,True,0,https://cdn.shopify.com/s/files/1/1059/1524/products/jc5by5a_5.jpg?v=1608549973
4644321886250,Elegant Natural Black-Platinum Blonde Ombre Lace Closure - Premium Indian Remy Hair,14,Prarvi Hair,Hair,natural-black-platinum-ombre-closure,"Afro Thick Curls, Closure, Retail",229.00,179.00,CLOM161314,True,0,https://cdn.shopify.com/s/files/1/1059/1524/products/IMG_5130.jpg?v=1608547673
4644321886250,Elegant Natural Black-Platinum Blonde Ombre Lace Closure - Premium Indian Remy Hair,16,Prarvi Hair,Hair,natural-black-platinum-ombre-closure,"Afro Thick Curls, Closure, Retail",249.00,180.00,CLOM161318,True,0,https://cdn.shopify.com/s/files/1/1059/1524/products/IMG_5130.jpg?v=1608547673
4644352524330,Natural Curl Closure,"10"" / 4by4",Prarvi Hair,Hair,natural-curl-closure-5by5,"Closure, Retail",149.00,129.00,CL44NC10,True,0,https://cdn.shopify.com/s/files/1/1059/1524/products/NC5by5_7.jpg?v=1608828288
4644352524330,Natural Curl Closure,"12"" / 4by4",Prarvi Hair,Hair,natural-curl-closure-5by5,"Closure, Retail",159.00,139.00,CL44NC12,True,0,https://cdn.shopify.com/s/files/1/1059/1524/products/NC5by5_7.jpg?v=1608828288
4644352524330,Natural Curl Closure,"14"" / 5by5",Prarvi Hair,Hair,natural-curl-closure-5by5,"Closure, Retail",179.00,170.00,CL55NC14,True,0,https://cdn.shopify.com/s/files/1/1059/1524/products/NC5by5_7.jpg?v=1608828288
4644352524330,Natural Curl Closure,"16"" / 5by5",Prarvi Hair,Hair,natural-curl-closure-5by5,"Closure, Retail",199.00,180.00,CL55NC16,True,0,https://cdn.shopify.com/s/files/1/1059/1524/products/NC5by5_7.jpg?v=1608828288
4644352524330,Natural Curl Closure,"18"" / 5by5",Prarvi Hair,Hair,natural-curl-closure-5by5,"Closure, Retail",209.00,190.00,CL55NC18,True,0,https://cdn.shopify.com/s/files/1/1059/1524/products/NC5by5_7.jpg?v=1608828288
4644352524330,Natural Curl Closure,"20"" / 5by5",Prarvi Hair,Hair,natural-curl-closure-5by5,"Closure, Retail",219.00,210.00,CL55NC20,True,0,https://cdn.shopify.com/s/files/1/1059/1524/products/NC5by5_7.jpg?v=1608828288
4644352524330,Natural Curl Closure,"22"" / 5by5",Prarvi Hair,Hair,natural-curl-closure-5by5,"Closure, Retail",239.00,220.00,CL55NC22,True,0,https://cdn.shopify.com/s/files/1/1059/1524/products/NC5by5_7.jpg?v=1608828288
4644352524330,Natural Curl Closure,"14"" / 4by4",Prarvi Hair,Hair,natural-curl-closure-5by5,"Closure, Retail",169.00,149.00,CL44NC14,True,0,https://cdn.shopify.com/s/files/1/1059/1524/products/NC5by5_7.jpg?v=1608828288
4644352524330,Natural Curl Closure,"16"" / 4by4",Prarvi Hair,Hair,natural-curl-closure-5by5,"Closure, Retail",189.00,159.00,CL44NC16,True,0,https://cdn.shopify.com/s/files/1/1059/1524/products/NC5by5_7.jpg?v=1608828288
4644352524330,Natural Curl Closure,"18"" / 4by4",Prarvi Hair,Hair,natural-curl-closure-5by5,"Closure, Retail",199.00,169.00,CL44NC18,True,0,https://cdn.shopify.com/s/files/1/1059/1524/products/NC5by5_7.jpg?v=1608828288
4644352524330,Natural Curl Closure,"20"" / 4by4",Prarvi Hair,Hair,natural-curl-closure-5by5,"Closure, Retail",209.00,189.00,CL44NC20,True,0,https://cdn.shopify.com/s/files/1/1059/1524/products/NC5by5_7.jpg?v=1608828288
4644352524330,Natural Curl Closure,"22"" / 4by4",Prarvi Hair,Hair,natural-curl-closure-5by5,"Closure, Retail",229.00,199.00,CL44NC22,True,0,https://cdn.shopify.com/s/files/1/1059/1524/products/NC5by5_7.jpg?v=1608828288
4644350165034,Natural Wave Lace Closure 5 by 5,"10""",Prarvi Hair,Hair,natural-wave-lace-closure-5-by-5,"Closure, Indian Natural Virgin Hair, Natural Virgin Color, Natural Wave, Retail",149.00,149.00,CLNW510,True,0,https://cdn.shopify.com/s/files/1/1059/1524/products/NV5BY5_1.jpg?v=1608554274
4644350165034,Natural Wave Lace Closure 5 by 5,"12""",Prarvi Hair,Hair,natural-wave-lace-closure-5-by-5,"Closure, Indian Natural Virgin Hair, Natural Virgin Color, Natural Wave, Retail",159.00,159.00,CLNW512,True,0,https://cdn.shopify.com/s/files/1/1059/1524/products/NV5BY5_1.jpg?v=1608554274
4644350165034,Natural Wave Lace Closure 5 by 5,"14""",Prarvi Hair,Hair,natural-wave-lace-closure-5-by-5,"Closure, Indian Natural Virgin Hair, Natural Virgin Color, Natural Wave, Retail",169.00,169.00,CLNW514,True,0,https://cdn.shopify.com/s/files/1/1059/1524/products/NV5BY5_1.jpg?v=1608554274
4644350165034,Natural Wave Lace Closure 5 by 5,"16""",Prarvi Hair,Hair,natural-wave-lace-closure-5-by-5,"Closure, Indian Natural Virgin Hair, Natural Virgin Color, Natural Wave, Retail",189.00,179.00,CLNW516,True,0,https://cdn.shopify.com/s/files/1/1059/1524/products/NV5BY5_1.jpg?v=1608554274
4644350165034,Natural Wave Lace Closure 5 by 5,"18""",Prarvi Hair,Hair,natural-wave-lace-closure-5-by-5,"Closure, Indian Natural Virgin Hair, Natural Virgin Color, Natural Wave, Retail",199.00,189.00,CLNW518,True,0,https://cdn.shopify.com/s/files/1/1059/1524/products/NV5BY5_1.jpg?v=1608554274
4644350165034,Natural Wave Lace Closure 5 by 5,"20""",Prarvi Hair,Hair,natural-wave-lace-closure-5-by-5,"Closure, Indian Natural Virgin Hair, Natural Virgin Color, Natural Wave, Retail",209.00,199.00,CLNW520,True,0,https://cdn.shopify.com/s/files/1/1059/1524/products/NV5BY5_1.jpg?v=1608554274
414756143143,Jackson / Loose Wave Closure,10'' / 4by4,Prarvi Hair,Hair,jackson-closure,"Closure, Indian Natural Virgin Hair, Jackson Wave, Loose Curly, Natural Virgin Color, Retail",149.00,,CLJS410,True,0,https://cdn.shopify.com/s/files/1/1059/1524/products/jc5by5d_3_57adf882-5707-42e4-8f86-b103ddf41148.jpg?v=1608824846
414756143143,Jackson / Loose Wave Closure,12'' / 4by4,Prarvi Hair,Hair,jackson-closure,"Closure, Indian Natural Virgin Hair, Jackson Wave, Loose Curly, Natural Virgin Color, Retail",159.00,,CLJS412,True,0,https://cdn.shopify.com/s/files/1/1059/1524/products/jc5by5d_3_57adf882-5707-42e4-8f86-b103ddf41148.jpg?v=1608824846
414756143143,Jackson / Loose Wave Closure,14'' / 4by4,Prarvi Hair,Hair,jackson-closure,"Closure, Indian Natural Virgin Hair, Jackson Wave, Loose Curly, Natural Virgin Color, Retail",169.00,170.00,CLJS414,True,0,https://cdn.shopify.com/s/files/1/1059/1524/products/jc5by5d_3_57adf882-5707-42e4-8f86-b103ddf41148.jpg?v=1608824846
414756143143,Jackson / Loose Wave Closure,14'' / 5by5,Prarvi Hair,Hair,jackson-closure,"Closure, Indian Natural Virgin Hair, Jackson Wave, Loose Curly, Natural Virgin Color, Retail",179.00,,CLJS514,True,0,https://cdn.shopify.com/s/files/1/1059/1524/products/jc5by5d_3_57adf882-5707-42e4-8f86-b103ddf41148.jpg?v=1608824846
414756143143,Jackson / Loose Wave Closure,16'' / 4by4,Prarvi Hair,Hair,jackson-closure,"Closure, Indian Natural Virgin Hair, Jackson Wave, Loose Curly, Natural Virgin Color, Retail",189.00,,CLJS416,True,0,https://cdn.shopify.com/s/files/1/1059/1524/products/jc5by5d_3_57adf882-5707-42e4-8f86-b103ddf41148.jpg?v=1608824846
414756143143,Jackson / Loose Wave Closure,16'' / 5by5,Prarvi Hair,Hair,jackson-closure,"Closure, Indian Natural Virgin Hair, Jackson Wave, Loose Curly, Natural Virgin Color, Retail",199.00,,CLJS516,True,0,https://cdn.shopify.com/s/files/1/1059/1524/products/jc5by5d_3_57adf882-5707-42e4-8f86-b103ddf41148.jpg?v=1608824846
414756143143,Jackson / Loose Wave Closure,18'' / 4by4,Prarvi Hair,Hair,jackson-closure,"Closure, Indian Natural Virgin Hair, Jackson Wave, Loose Curly, Natural Virgin Color, Retail",199.00,,CLJS418,True,0,https://cdn.shopify.com/s/files/1/1059/1524/products/jc5by5d_3_57adf882-5707-42e4-8f86-b103ddf41148.jpg?v=1608824846
414756143143,Jackson / Loose Wave Closure,18'' / 5by5,Prarvi Hair,Hair,jackson-closure,"Closure, Indian Natural Virgin Hair, Jackson Wave, Loose Curly, Natural Virgin Color, Retail",209.00,,CLJS518,True,0,https://cdn.shopify.com/s/files/1/1059/1524/products/jc5by5d_3_57adf882-5707-42e4-8f86-b103ddf41148.jpg?v=1608824846
414756143143,Jackson / Loose Wave Closure,20'' / 4by4,Prarvi Hair,Hair,jackson-closure,"Closure, Indian Natural Virgin Hair, Jackson Wave, Loose Curly, Natural Virgin Color, Retail",209.00,,CLJS420,True,0,https://cdn.shopify.com/s/files/1/1059/1524/products/jc5by5d_3_57adf882-5707-42e4-8f86-b103ddf41148.jpg?v=1608824846
414756143143,Jackson / Loose Wave Closure,20'' / 5by5,Prarvi Hair,Hair,jackson-closure,"Closure, Indian Natural Virgin Hair, Jackson Wave, Loose Curly, Natural Virgin Color, Retail",219.00,,CLJS520,True,0,https://cdn.shopify.com/s/files/1/1059/1524/products/jc5by5d_3_57adf882-5707-42e4-8f86-b103ddf41148.jpg?v=1608824846
414756143143,Jackson / Loose Wave Closure,22'' / 4by4,Prarvi Hair,Hair,jackson-closure,"Closure, Indian Natural Virgin Hair, Jackson Wave, Loose Curly, Natural Virgin Color, Retail",229.00,,CLJS422,True,0,https://cdn.shopify.com/s/files/1/1059/1524/products/jc5by5d_3_57adf882-5707-42e4-8f86-b103ddf41148.jpg?v=1608824846
414756143143,Jackson / Loose Wave Closure,22'' / 5by5,Prarvi Hair,Hair,jackson-closure,"Closure, Indian Natural Virgin Hair, Jackson Wave, Loose Curly, Natural Virgin Color, Retail",239.00,,CLJS522,True,0,https://cdn.shopify.com/s/files/1/1059/1524/products/jc5by5d_3_57adf882-5707-42e4-8f86-b103ddf41148.jpg?v=1608824846
4644316545066,Grey HD Lace Frontal | 100% Raw Human Hair with Natural Wavy Texture – Prarvi,16'',Prarvi Hair,Hair,grey-hd-lace-frontal-raw-human-hair,"13x4 Lace Frontal, frontal, Grey Hair, Grey Lace Frontal, HD Transparent Lace, Indian Natural Virgin Hair, Natural Virgin Color, Natural Wavy Hair, Raw Human Hair, Virgin Hair Extensions, wig making",399.00,400.00,FLGR16,True,0,https://cdn.shopify.com/s/files/1/1059/1524/products/IMG_5111.jpg?v=1609403943
4644388012074,Ash Blonde Jackson Wave Closure 4 by 4,10,Prarvi Hair,Hair,ash-blonde-jackson-closure-4-by-4,"Closure, Indian Natural Virgin Hair, Retail",159.00,159.00,CL44BL27JS10,True,0,https://cdn.shopify.com/s/files/1/1059/1524/products/jc274by4d.jpg?v=1608557593
4644388012074,Ash Blonde Jackson Wave Closure 4 by 4,12,Prarvi Hair,Hair,ash-blonde-jackson-closure-4-by-4,"Closure, Indian Natural Virgin Hair, Retail",169.00,169.00,CL44BL27JS12,True,0,https://cdn.shopify.com/s/files/1/1059/1524/products/jc274by4d.jpg?v=1608557593
4644388012074,Ash Blonde Jackson Wave Closure 4 by 4,14,Prarvi Hair,Hair,ash-blonde-jackson-closure-4-by-4,"Closure, Indian Natural Virgin Hair, Retail",179.00,179.00,CL44BL27JS14,True,0,https://cdn.shopify.com/s/files/1/1059/1524/products/jc274by4d.jpg?v=1608557593
4644388012074,Ash Blonde Jackson Wave Closure 4 by 4,16,Prarvi Hair,Hair,ash-blonde-jackson-closure-4-by-4,"Closure, Indian Natural Virgin Hair, Retail",199.00,189.00,CL44BL27JS16,True,0,https://cdn.shopify.com/s/files/1/1059/1524/products/jc274by4d.jpg?v=1608557593
4644388012074,Ash Blonde Jackson Wave Closure 4 by 4,18,Prarvi Hair,Hair,ash-blonde-jackson-closure-4-by-4,"Closure, Indian Natural Virgin Hair, Retail",219.00,199.00,CL44BL27JS18,True,0,https://cdn.shopify.com/s/files/1/1059/1524/products/jc274by4d.jpg?v=1608557593
4644388012074,Ash Blonde Jackson Wave Closure 4 by 4,20,Prarvi Hair,Hair,ash-blonde-jackson-closure-4-by-4,"Closure, Indian Natural Virgin Hair, Retail",229.00,210.00,CL44BL27JS20,True,0,https://cdn.shopify.com/s/files/1/1059/1524/products/jc274by4d.jpg?v=1608557593
4644388012074,Ash Blonde Jackson Wave Closure 4 by 4,22,Prarvi Hair,Hair,ash-blonde-jackson-closure-4-by-4,"Closure, Indian Natural Virgin Hair, Retail",239.00,220.00,CL44BL27JS22,True,0,https://cdn.shopify.com/s/files/1/1059/1524/products/jc274by4d.jpg?v=1608557593
4644397318186,Fix Parting Silk Base Natural Wave Lace Closure | Premium Virgin Remy Hair,14,Prarvi Hair,Hair,fix-parting-natural-wave-lace-closure,"Closure, Indian Natural Virgin Hair, Natural Wave, Retail",199.00,169.00,CLNWFP14,True,0,https://cdn.shopify.com/s/files/1/1059/1524/products/FIXPARTINGCLOSURE_3.jpg?v=1608558768
4644313301034,Afro Gray Closure,10,Prarvi Hair,Hair,afro-gray-closure,"Afro Thick Curls, Closure, Retail",269.00,159.00,CL44AFGR10,True,0,https://cdn.shopify.com/s/files/1/1059/1524/products/IMG_5124.jpg?v=1608546302
4644313301034,Afro Gray Closure,12,Prarvi Hair,Hair,afro-gray-closure,"Afro Thick Curls, Closure, Retail",279.00,169.00,CL44AFGR12,True,0,https://cdn.shopify.com/s/files/1/1059/1524/products/IMG_5124.jpg?v=1608546302
4644313301034,Afro Gray Closure,14,Prarvi Hair,Hair,afro-gray-closure,"Afro Thick Curls, Closure, Retail",289.00,179.00,CL44AFGR14,True,0,https://cdn.shopify.com/s/files/1/1059/1524/products/IMG_5124.jpg?v=1608546302
4644313301034,Afro Gray Closure,16,Prarvi Hair,Hair,afro-gray-closure,"Afro Thick Curls, Closure, Retail",309.00,180.00,CL44AFGR16,True,0,https://cdn.shopify.com/s/files/1/1059/1524/products/IMG_5124.jpg?v=1608546302
4641936900138,Lace Frontal-Silky Straight,14'',Prarvi Hair,,lace-frontal-silky-straight,,309.00,,FRSS14,True,0,https://cdn.shopify.com/s/files/1/1059/1524/products/IMG_5688.jpg?v=1609402774
4641936900138,Lace Frontal-Silky Straight,16'',Prarvi Hair,,lace-frontal-silky-straight,,319.00,,FRSS16,True,0,https://cdn.shopify.com/s/files/1/1059/1524/products/IMG_5688.jpg?v=1609402774
4641936900138,Lace Frontal-Silky Straight,18'',Prarvi Hair,,lace-frontal-silky-straight,,339.00,,FRSS18,True,0,https://cdn.shopify.com/s/files/1/1059/1524/products/IMG_5688.jpg?v=1609402774
4641936900138,Lace Frontal-Silky Straight,20'',Prarvi Hair,,lace-frontal-silky-straight,,359.00,,FRSS20,True,0,https://cdn.shopify.com/s/files/1/1059/1524/products/IMG_5688.jpg?v=1609402774
4641937063978,Lace Frontal-Jackson Curly,14,Prarvi Hair,,copy-of-lace-frontal-jackson-curly,,309.00,,FRJC14,True,0,https://cdn.shopify.com/s/files/1/1059/1524/products/LCFRONTAL_3.jpg?v=1609403813
4641937063978,Lace Frontal-Jackson Curly,16,Prarvi Hair,,copy-of-lace-frontal-jackson-curly,,319.00,,FRJC16,True,0,https://cdn.shopify.com/s/files/1/1059/1524/products/LCFRONTAL_3.jpg?v=1609403813
4641937063978,Lace Frontal-Jackson Curly,18'',Prarvi Hair,,copy-of-lace-frontal-jackson-curly,,339.00,,FRJC18,True,0,https://cdn.shopify.com/s/files/1/1059/1524/products/LCFRONTAL_3.jpg?v=1609403813
4641937063978,Lace Frontal-Jackson Curly,20,Prarvi Hair,,copy-of-lace-frontal-jackson-curly,,359.00,329.00,FRJC20,True,0,https://cdn.shopify.com/s/files/1/1059/1524/products/LCFRONTAL_3.jpg?v=1609403813
4638794547242,360 Lace Frontal,14'',Prarvi Hair,Hair,360-lace-frontal,"Closure, Indian Natural Virgin Hair",399.00,,FR360NW14,True,0,https://cdn.shopify.com/s/files/1/1059/1524/products/DSC03503.jpg?v=1608110749
4638794547242,360 Lace Frontal,16'',Prarvi Hair,Hair,360-lace-frontal,"Closure, Indian Natural Virgin Hair",409.00,,FR360NW16,True,0,https://cdn.shopify.com/s/files/1/1059/1524/products/DSC03503.jpg?v=1608110749
4638794547242,360 Lace Frontal,18'',Prarvi Hair,Hair,360-lace-frontal,"Closure, Indian Natural Virgin Hair",429.00,,FR360NW18,True,0,https://cdn.shopify.com/s/files/1/1059/1524/products/DSC03503.jpg?v=1608110749
4631358734378,Brown Natural Hair Weft Color #6,10,Prarvi,Hair,brown-natural-hair-weft,"Indian Natural Virgin Hair, Natural Wave, Retail",199.00,120.00,BL0610,True,99,https://cdn.shopify.com/s/files/1/1059/1524/products/IMG-5647.jpg?v=1606721900
4631358734378,Brown Natural Hair Weft Color #6,12,Prarvi,Hair,brown-natural-hair-weft,"Indian Natural Virgin Hair, Natural Wave, Retail",209.00,130.00,BL0612,True,99,https://cdn.shopify.com/s/files/1/1059/1524/products/IMG-5647.jpg?v=1606721900
4631358734378,Brown Natural Hair Weft Color #6,14,Prarvi,Hair,brown-natural-hair-weft,"Indian Natural Virgin Hair, Natural Wave, Retail",219.00,140.00,BL0614,True,99,https://cdn.shopify.com/s/files/1/1059/1524/products/IMG-5647.jpg?v=1606721900
4631358734378,Brown Natural Hair Weft Color #6,16,Prarvi,Hair,brown-natural-hair-weft,"Indian Natural Virgin Hair, Natural Wave, Retail",239.00,150.00,BL0616,True,99,https://cdn.shopify.com/s/files/1/1059/1524/products/IMG-5647.jpg?v=1606721900
4631358734378,Brown Natural Hair Weft Color #6,18,Prarvi,Hair,brown-natural-hair-weft,"Indian Natural Virgin Hair, Natural Wave, Retail",259.00,160.00,BL0618,True,99,https://cdn.shopify.com/s/files/1/1059/1524/products/IMG-5647.jpg?v=1606721900
4631358734378,Brown Natural Hair Weft Color #6,20,Prarvi,Hair,brown-natural-hair-weft,"Indian Natural Virgin Hair, Natural Wave, Retail",329.00,170.00,BL0620,True,99,https://cdn.shopify.com/s/files/1/1059/1524/products/IMG-5647.jpg?v=1606721900
4631358734378,Brown Natural Hair Weft Color #6,22,Prarvi,Hair,brown-natural-hair-weft,"Indian Natural Virgin Hair, Natural Wave, Retail",349.00,180.00,BL0622,True,99,https://cdn.shopify.com/s/files/1/1059/1524/products/IMG-5647.jpg?v=1606721900
4631358734378,Brown Natural Hair Weft Color #6,24,Prarvi,Hair,brown-natural-hair-weft,"Indian Natural Virgin Hair, Natural Wave, Retail",369.00,190.00,BL0624,True,99,https://cdn.shopify.com/s/files/1/1059/1524/products/IMG-5647.jpg?v=1606721900
4631358734378,Brown Natural Hair Weft Color #6,26,Prarvi,Hair,brown-natural-hair-weft,"Indian Natural Virgin Hair, Natural Wave, Retail",489.00,210.00,BL0626,True,99,https://cdn.shopify.com/s/files/1/1059/1524/products/IMG-5647.jpg?v=1606721900
4631358734378,Brown Natural Hair Weft Color #6,28,Prarvi,Hair,brown-natural-hair-weft,"Indian Natural Virgin Hair, Natural Wave, Retail",509.00,230.00,BL0628,True,99,https://cdn.shopify.com/s/files/1/1059/1524/products/IMG-5647.jpg?v=1606721900
4631358734378,Brown Natural Hair Weft Color #6,30,Prarvi,Hair,brown-natural-hair-weft,"Indian Natural Virgin Hair, Natural Wave, Retail",529.00,240.00,BL0630,True,99,https://cdn.shopify.com/s/files/1/1059/1524/products/IMG-5647.jpg?v=1606721900
4631354146858,Premium Dark Brown Indian Virgin Remy Hair,10,Prarvi,Hair,dark-brown-natural-human-hair,"Indian Natural Virgin Hair, Natural Wave, Retail",199.00,120.00,BL0210,True,99,https://cdn.shopify.com/s/files/1/1059/1524/products/IMG-5630.jpg?v=1606721556
4631354146858,Premium Dark Brown Indian Virgin Remy Hair,12,Prarvi,Hair,dark-brown-natural-human-hair,"Indian Natural Virgin Hair, Natural Wave, Retail",209.00,130.00,BL0212,True,99,https://cdn.shopify.com/s/files/1/1059/1524/products/IMG-5630.jpg?v=1606721556
4631354146858,Premium Dark Brown Indian Virgin Remy Hair,14,Prarvi,Hair,dark-brown-natural-human-hair,"Indian Natural Virgin Hair, Natural Wave, Retail",219.00,140.00,BL0214,True,99,https://cdn.shopify.com/s/files/1/1059/1524/products/IMG-5630.jpg?v=1606721556
4631354146858,Premium Dark Brown Indian Virgin Remy Hair,16,Prarvi,Hair,dark-brown-natural-human-hair,"Indian Natural Virgin Hair, Natural Wave, Retail",239.00,150.00,BL0216,True,99,https://cdn.shopify.com/s/files/1/1059/1524/products/IMG-5630.jpg?v=1606721556
4631354146858,Premium Dark Brown Indian Virgin Remy Hair,18,Prarvi,Hair,dark-brown-natural-human-hair,"Indian Natural Virgin Hair, Natural Wave, Retail",259.00,160.00,BL0218,True,99,https://cdn.shopify.com/s/files/1/1059/1524/products/IMG-5630.jpg?v=1606721556
4631354146858,Premium Dark Brown Indian Virgin Remy Hair,20,Prarvi,Hair,dark-brown-natural-human-hair,"Indian Natural Virgin Hair, Natural Wave, Retail",329.00,170.00,BL0220,True,99,https://cdn.shopify.com/s/files/1/1059/1524/products/IMG-5630.jpg?v=1606721556
4631354146858,Premium Dark Brown Indian Virgin Remy Hair,22,Prarvi,Hair,dark-brown-natural-human-hair,"Indian Natural Virgin Hair, Natural Wave, Retail",349.00,180.00,BL0222,True,99,https://cdn.shopify.com/s/files/1/1059/1524/products/IMG-5630.jpg?v=1606721556
4631354146858,Premium Dark Brown Indian Virgin Remy Hair,24,Prarvi,Hair,dark-brown-natural-human-hair,"Indian Natural Virgin Hair, Natural Wave, Retail",369.00,190.00,BL0224,True,99,https://cdn.shopify.com/s/files/1/1059/1524/products/IMG-5630.jpg?v=1606721556
4631354146858,Premium Dark Brown Indian Virgin Remy Hair,26,Prarvi,Hair,dark-brown-natural-human-hair,"Indian Natural Virgin Hair, Natural Wave, Retail",489.00,210.00,BL0226,True,99,https://cdn.shopify.com/s/files/1/1059/1524/products/IMG-5630.jpg?v=1606721556
4631354146858,Premium Dark Brown Indian Virgin Remy Hair,28,Prarvi,Hair,dark-brown-natural-human-hair,"Indian Natural Virgin Hair, Natural Wave, Retail",509.00,230.00,BL0228,True,99,https://cdn.shopify.com/s/files/1/1059/1524/products/IMG-5630.jpg?v=1606721556
4631354146858,Premium Dark Brown Indian Virgin Remy Hair,30,Prarvi,Hair,dark-brown-natural-human-hair,"Indian Natural Virgin Hair, Natural Wave, Retail",529.00,240.00,BL0230,True,99,https://cdn.shopify.com/s/files/1/1059/1524/products/IMG-5630.jpg?v=1606721556
4631377575978,Loose Curls Blonde Collection - Platinum Blonde Indian Virgin Hair with Loose Curl Texture,16'',Prarvi Hair,Hair,platinum-blonde-loose-curl-weft,"Blonde Hair Extensions, IBS, Retail",259.00,235.00,,True,99,https://cdn.shopify.com/s/files/1/1059/1524/products/LC613E.jpg?v=1606725273
4631377575978,Loose Curls Blonde Collection - Platinum Blonde Indian Virgin Hair with Loose Curl Texture,18'',Prarvi Hair,Hair,platinum-blonde-loose-curl-weft,"Blonde Hair Extensions, IBS, Retail",279.00,245.00,,True,99,https://cdn.shopify.com/s/files/1/1059/1524/products/LC613E.jpg?v=1606725273
4631377575978,Loose Curls Blonde Collection - Platinum Blonde Indian Virgin Hair with Loose Curl Texture,20'',Prarvi Hair,Hair,platinum-blonde-loose-curl-weft,"Blonde Hair Extensions, IBS, Retail",349.00,255.00,,True,99,https://cdn.shopify.com/s/files/1/1059/1524/products/LC613E.jpg?v=1606725273
4631377575978,Loose Curls Blonde Collection - Platinum Blonde Indian Virgin Hair with Loose Curl Texture,22'',Prarvi Hair,Hair,platinum-blonde-loose-curl-weft,"Blonde Hair Extensions, IBS, Retail",369.00,265.00,,True,99,https://cdn.shopify.com/s/files/1/1059/1524/products/LC613E.jpg?v=1606725273
4631377575978,Loose Curls Blonde Collection - Platinum Blonde Indian Virgin Hair with Loose Curl Texture,24'',Prarvi Hair,Hair,platinum-blonde-loose-curl-weft,"Blonde Hair Extensions, IBS, Retail",389.00,275.00,,True,0,https://cdn.shopify.com/s/files/1/1059/1524/products/LC613E.jpg?v=1606725273
4631371874346,Jackson Blonde Collection: Platinum Blonde Raw Human Hair Extensions,16'',Prarvi Hair,Hair,blonde-jackson-hair-extensions,"Blonde Hair Extensions, IBS, Retail",259.00,235.00,,True,99,https://cdn.shopify.com/s/files/1/1059/1524/products/JC613B_2.jpg?v=1607963794
4631371874346,Jackson Blonde Collection: Platinum Blonde Raw Human Hair Extensions,18'',Prarvi Hair,Hair,blonde-jackson-hair-extensions,"Blonde Hair Extensions, IBS, Retail",279.00,245.00,,True,99,https://cdn.shopify.com/s/files/1/1059/1524/products/JC613B_2.jpg?v=1607963794
4631371874346,Jackson Blonde Collection: Platinum Blonde Raw Human Hair Extensions,20'',Prarvi Hair,Hair,blonde-jackson-hair-extensions,"Blonde Hair Extensions, IBS, Retail",349.00,255.00,,True,99,https://cdn.shopify.com/s/files/1/1059/1524/products/JC613B_2.jpg?v=1607963794
4631371874346,Jackson Blonde Collection: Platinum Blonde Raw Human Hair Extensions,22'',Prarvi Hair,Hair,blonde-jackson-hair-extensions,"Blonde Hair Extensions, IBS, Retail",369.00,265.00,,True,99,https://cdn.shopify.com/s/files/1/1059/1524/products/JC613B_2.jpg?v=1607963794
4631371874346,Jackson Blonde Collection: Platinum Blonde Raw Human Hair Extensions,24'',Prarvi Hair,Hair,blonde-jackson-hair-extensions,"Blonde Hair Extensions, IBS, Retail",389.00,275.00,,True,0,https://cdn.shopify.com/s/files/1/1059/1524/products/JC613B_2.jpg?v=1607963794
4631372169258,Kinky Blonde Collection - Platinum Blonde Indian Virgin Hair with Kinky Curl,16'',Prarvi Hair,Hair,platinum-blonde-kinky-curl-weft,Blonde Hair Extensions,259.00,235.00,,True,99,https://cdn.shopify.com/s/files/1/1059/1524/products/kinky613.jpg?v=1606724535
4631372169258,Kinky Blonde Collection - Platinum Blonde Indian Virgin Hair with Kinky Curl,18'',Prarvi Hair,Hair,platinum-blonde-kinky-curl-weft,Blonde Hair Extensions,279.00,245.00,,True,99,https://cdn.shopify.com/s/files/1/1059/1524/products/kinky613.jpg?v=1606724535
4631372169258,Kinky Blonde Collection - Platinum Blonde Indian Virgin Hair with Kinky Curl,20'',Prarvi Hair,Hair,platinum-blonde-kinky-curl-weft,Blonde Hair Extensions,349.00,255.00,,True,99,https://cdn.shopify.com/s/files/1/1059/1524/products/kinky613.jpg?v=1606724535
4631372169258,Kinky Blonde Collection - Platinum Blonde Indian Virgin Hair with Kinky Curl,22'',Prarvi Hair,Hair,platinum-blonde-kinky-curl-weft,Blonde Hair Extensions,369.00,265.00,,True,99,https://cdn.shopify.com/s/files/1/1059/1524/products/kinky613.jpg?v=1606724535
4631372169258,Kinky Blonde Collection - Platinum Blonde Indian Virgin Hair with Kinky Curl,24'',Prarvi Hair,Hair,platinum-blonde-kinky-curl-weft,Blonde Hair Extensions,389.00,275.00,,True,0,https://cdn.shopify.com/s/files/1/1059/1524/products/kinky613.jpg?v=1606724535
4631372628010,Ash Blonde Kinky Curl Weft,16'',Prarvi Hair,Hair,ash-blonde-kinky-curl-weft,Blonde Hair Extensions,259.00,235.00,,True,99,https://cdn.shopify.com/s/files/1/1059/1524/products/kinki27.jpg?v=1606724621
4631372628010,Ash Blonde Kinky Curl Weft,18'',Prarvi Hair,Hair,ash-blonde-kinky-curl-weft,Blonde Hair Extensions,279.00,245.00,,True,99,https://cdn.shopify.com/s/files/1/1059/1524/products/kinki27.jpg?v=1606724621
4631372628010,Ash Blonde Kinky Curl Weft,20'',Prarvi Hair,Hair,ash-blonde-kinky-curl-weft,Blonde Hair Extensions,349.00,255.00,,True,99,https://cdn.shopify.com/s/files/1/1059/1524/products/kinki27.jpg?v=1606724621
4631372628010,Ash Blonde Kinky Curl Weft,22'',Prarvi Hair,Hair,ash-blonde-kinky-curl-weft,Blonde Hair Extensions,369.00,265.00,,True,99,https://cdn.shopify.com/s/files/1/1059/1524/products/kinki27.jpg?v=1606724621
4631372628010,Ash Blonde Kinky Curl Weft,24'',Prarvi Hair,Hair,ash-blonde-kinky-curl-weft,Blonde Hair Extensions,389.00,275.00,,True,0,https://cdn.shopify.com/s/files/1/1059/1524/products/kinki27.jpg?v=1606724621
4631399170090,Prarvi U Clip-Ons Volumizer for Fuller and Natural-Looking Hair,20'',Prarvi Hair,,u-volumizer-hair-weft,"clipons, hair volumizer",349.00,,,True,0,https://cdn.shopify.com/s/files/1/1059/1524/products/U-VOLUA_1.jpg?v=1606897019
4631397892138,Clip-Ons Volumizer,20'',Prarvi Hair,,volumizer-clipons,"Natural Wave, Retail",379.00,,,True,0,https://cdn.shopify.com/s/files/1/1059/1524/products/VOLC_1.jpg?v=1610452993
4631373938730,Ash Blonde Loose Curl Weft,16'',Prarvi Hair,Hair,ash-blonde-loose-curl-weft,"Blonde Hair Extensions, IBS, Retail",259.00,235.00,,True,99,https://cdn.shopify.com/s/files/1/1059/1524/products/LC27B.jpg?v=1606837756
4631373938730,Ash Blonde Loose Curl Weft,18'',Prarvi Hair,Hair,ash-blonde-loose-curl-weft,"Blonde Hair Extensions, IBS, Retail",279.00,245.00,,True,99,https://cdn.shopify.com/s/files/1/1059/1524/products/LC27B.jpg?v=1606837756
4631373938730,Ash Blonde Loose Curl Weft,20'',Prarvi Hair,Hair,ash-blonde-loose-curl-weft,"Blonde Hair Extensions, IBS, Retail",349.00,255.00,,True,99,https://cdn.shopify.com/s/files/1/1059/1524/products/LC27B.jpg?v=1606837756
4631373938730,Ash Blonde Loose Curl Weft,22'',Prarvi Hair,Hair,ash-blonde-loose-curl-weft,"Blonde Hair Extensions, IBS, Retail",369.00,265.00,,True,99,https://cdn.shopify.com/s/files/1/1059/1524/products/LC27B.jpg?v=1606837756
4631373938730,Ash Blonde Loose Curl Weft,24'',Prarvi Hair,Hair,ash-blonde-loose-curl-weft,"Blonde Hair Extensions, IBS, Retail",389.00,275.00,,True,0,https://cdn.shopify.com/s/files/1/1059/1524/products/LC27B.jpg?v=1606837756
4626446057514,Natural Black(#1B)-Golden Blonde (#22) Ombre Hair,12'',Prarvi Hair,Hair,ombre-hair-1b-22,"Ombre, Ombre Hair Extension",189.00,239.00,,True,0,https://cdn.shopify.com/s/files/1/1059/1524/products/32_1.jpg?v=1605953541
4626446057514,Natural Black(#1B)-Golden Blonde (#22) Ombre Hair,14'',Prarvi Hair,Hair,ombre-hair-1b-22,"Ombre, Ombre Hair Extension",199.00,219.00,,True,0,https://cdn.shopify.com/s/files/1/1059/1524/products/32_1.jpg?v=1605953541
4626446057514,Natural Black(#1B)-Golden Blonde (#22) Ombre Hair,16'',Prarvi Hair,Hair,ombre-hair-1b-22,"Ombre, Ombre Hair Extension",219.00,229.00,,True,0,https://cdn.shopify.com/s/files/1/1059/1524/products/32_1.jpg?v=1605953541
4626446057514,Natural Black(#1B)-Golden Blonde (#22) Ombre Hair,18'',Prarvi Hair,Hair,ombre-hair-1b-22,"Ombre, Ombre Hair Extension",239.00,239.00,,True,0,https://cdn.shopify.com/s/files/1/1059/1524/products/32_1.jpg?v=1605953541
4626446057514,Natural Black(#1B)-Golden Blonde (#22) Ombre Hair,20'',Prarvi Hair,Hair,ombre-hair-1b-22,"Ombre, Ombre Hair Extension",259.00,249.00,,True,0,https://cdn.shopify.com/s/files/1/1059/1524/products/32_1.jpg?v=1605953541
4626446057514,Natural Black(#1B)-Golden Blonde (#22) Ombre Hair,22'',Prarvi Hair,Hair,ombre-hair-1b-22,"Ombre, Ombre Hair Extension",279.00,259.00,,True,0,https://cdn.shopify.com/s/files/1/1059/1524/products/32_1.jpg?v=1605953541
4626446057514,Natural Black(#1B)-Golden Blonde (#22) Ombre Hair,24'',Prarvi Hair,Hair,ombre-hair-1b-22,"Ombre, Ombre Hair Extension",299.00,269.00,,True,0,https://cdn.shopify.com/s/files/1/1059/1524/products/32_1.jpg?v=1605953541
4626446057514,Natural Black(#1B)-Golden Blonde (#22) Ombre Hair,26'',Prarvi Hair,Hair,ombre-hair-1b-22,"Ombre, Ombre Hair Extension",319.00,279.00,,True,0,https://cdn.shopify.com/s/files/1/1059/1524/products/32_1.jpg?v=1605953541
4626446057514,Natural Black(#1B)-Golden Blonde (#22) Ombre Hair,28'',Prarvi Hair,Hair,ombre-hair-1b-22,"Ombre, Ombre Hair Extension",339.00,289.00,,True,0,https://cdn.shopify.com/s/files/1/1059/1524/products/32_1.jpg?v=1605953541
1632514932778,Women Natural Hair Topper Size 4*5,"10""",Prarvi Hair,Hair,women-hair-topper,"13×4 lace front wig, 613 blonde bob wig 12″, aloepecia wig, alopecia, balayage lace wig, bald, before and after, beginner-friendly wig, best, body-wave wig, chemo wig, clip-in hair extensions, deep-wave wig, discount code, double-drawn hair, ethical, ethicall, ethically-sourced, extension halo, feather hair, glueless wigs, hair bundles, hair extension, hair extensions near me, hair halo extensions, hair tinsel, hair topper near me, hair topper with raw human hair, hairpatch, hairpiece, hand-tied extensions, HD lace wigs, highlight lace wig, human hair bundles, human hair extensions, human hair topper, human hair topper near me, invisible-bead extensions, kinky-curly glueless wig with bangs, lace front wig, luxury, medical wig, melted HD lace, microlinks, Natural Wave, ponytail, premium, price, protective style wigs, raw, Raw Human Hair, raw Indian hair, real hair extensions, Retail, reviews, sale, same-day wig delivery, style topper near me, tape-in extensions, topper, topper for thinning crown, under $200, virgin hair bundles, voulmizer, water-wave wig, wear-and-go wig, weave hair extensions near me, wholesale, wig install NYC, wig shop near me, wigs, wigs for alopecia, Women hair Topper, yaki straight 24″ bundles",350.00,350.00,,True,0,https://cdn.shopify.com/s/files/1/1059/1524/products/IMG_3528_1_1087ca80-769f-42e3-99f7-5aa0d7f90e7d.jpg?v=1627145958
1632514932778,Women Natural Hair Topper Size 4*5,14'',Prarvi Hair,Hair,women-hair-topper,"13×4 lace front wig, 613 blonde bob wig 12″, aloepecia wig, alopecia, balayage lace wig, bald, before and after, beginner-friendly wig, best, body-wave wig, chemo wig, clip-in hair extensions, deep-wave wig, discount code, double-drawn hair, ethical, ethicall, ethically-sourced, extension halo, feather hair, glueless wigs, hair bundles, hair extension, hair extensions near me, hair halo extensions, hair tinsel, hair topper near me, hair topper with raw human hair, hairpatch, hairpiece, hand-tied extensions, HD lace wigs, highlight lace wig, human hair bundles, human hair extensions, human hair topper, human hair topper near me, invisible-bead extensions, kinky-curly glueless wig with bangs, lace front wig, luxury, medical wig, melted HD lace, microlinks, Natural Wave, ponytail, premium, price, protective style wigs, raw, Raw Human Hair, raw Indian hair, real hair extensions, Retail, reviews, sale, same-day wig delivery, style topper near me, tape-in extensions, topper, topper for thinning crown, under $200, virgin hair bundles, voulmizer, water-wave wig, wear-and-go wig, weave hair extensions near me, wholesale, wig install NYC, wig shop near me, wigs, wigs for alopecia, Women hair Topper, yaki straight 24″ bundles",450.00,350.00,WTP4514,True,0,https://cdn.shopify.com/s/files/1/1059/1524/products/IMG_3528_1_1087ca80-769f-42e3-99f7-5aa0d7f90e7d.jpg?v=1627145958
1632514932778,Women Natural Hair Topper Size 4*5,"12""",Prarvi Hair,Hair,women-hair-topper,"13×4 lace front wig, 613 blonde bob wig 12″, aloepecia wig, alopecia, balayage lace wig, bald, before and after, beginner-friendly wig, best, body-wave wig, chemo wig, clip-in hair extensions, deep-wave wig, discount code, double-drawn hair, ethical, ethicall, ethically-sourced, extension halo, feather hair, glueless wigs, hair bundles, hair extension, hair extensions near me, hair halo extensions, hair tinsel, hair topper near me, hair topper with raw human hair, hairpatch, hairpiece, hand-tied extensions, HD lace wigs, highlight lace wig, human hair bundles, human hair extensions, human hair topper, human hair topper near me, invisible-bead extensions, kinky-curly glueless wig with bangs, lace front wig, luxury, medical wig, melted HD lace, microlinks, Natural Wave, ponytail, premium, price, protective style wigs, raw, Raw Human Hair, raw Indian hair, real hair extensions, Retail, reviews, sale, same-day wig delivery, style topper near me, tape-in extensions, topper, topper for thinning crown, under $200, virgin hair bundles, voulmizer, water-wave wig, wear-and-go wig, weave hair extensions near me, wholesale, wig install NYC, wig shop near me, wigs, wigs for alopecia, Women hair Topper, yaki straight 24″ bundles",400.00,350.00,,True,0,https://cdn.shopify.com/s/files/1/1059/1524/products/IMG_3528_1_1087ca80-769f-42e3-99f7-5aa0d7f90e7d.jpg?v=1627145958
1632514932778,Women Natural Hair Topper Size 4*5,"16""",Prarvi Hair,Hair,women-hair-topper,"13×4 lace front wig, 613 blonde bob wig 12″, aloepecia wig, alopecia, balayage lace wig, bald, before and after, beginner-friendly wig, best, body-wave wig, chemo wig, clip-in hair extensions, deep-wave wig, discount code, double-drawn hair, ethical, ethicall, ethically-sourced, extension halo, feather hair, glueless wigs, hair bundles, hair extension, hair extensions near me, hair halo extensions, hair tinsel, hair topper near me, hair topper with raw human hair, hairpatch, hairpiece, hand-tied extensions, HD lace wigs, highlight lace wig, human hair bundles, human hair extensions, human hair topper, human hair topper near me, invisible-bead extensions, kinky-curly glueless wig with bangs, lace front wig, luxury, medical wig, melted HD lace, microlinks, Natural Wave, ponytail, premium, price, protective style wigs, raw, Raw Human Hair, raw Indian hair, real hair extensions, Retail, reviews, sale, same-day wig delivery, style topper near me, tape-in extensions, topper, topper for thinning crown, under $200, virgin hair bundles, voulmizer, water-wave wig, wear-and-go wig, weave hair extensions near me, wholesale, wig install NYC, wig shop near me, wigs, wigs for alopecia, Women hair Topper, yaki straight 24″ bundles",500.00,350.00,,True,0,https://cdn.shopify.com/s/files/1/1059/1524/products/IMG_3528_1_1087ca80-769f-42e3-99f7-5aa0d7f90e7d.jpg?v=1627145958
1632514932778,Women Natural Hair Topper Size 4*5,"18""",Prarvi Hair,Hair,women-hair-topper,"13×4 lace front wig, 613 blonde bob wig 12″, aloepecia wig, alopecia, balayage lace wig, bald, before and after, beginner-friendly wig, best, body-wave wig, chemo wig, clip-in hair extensions, deep-wave wig, discount code, double-drawn hair, ethical, ethicall, ethically-sourced, extension halo, feather hair, glueless wigs, hair bundles, hair extension, hair extensions near me, hair halo extensions, hair tinsel, hair topper near me, hair topper with raw human hair, hairpatch, hairpiece, hand-tied extensions, HD lace wigs, highlight lace wig, human hair bundles, human hair extensions, human hair topper, human hair topper near me, invisible-bead extensions, kinky-curly glueless wig with bangs, lace front wig, luxury, medical wig, melted HD lace, microlinks, Natural Wave, ponytail, premium, price, protective style wigs, raw, Raw Human Hair, raw Indian hair, real hair extensions, Retail, reviews, sale, same-day wig delivery, style topper near me, tape-in extensions, topper, topper for thinning crown, under $200, virgin hair bundles, voulmizer, water-wave wig, wear-and-go wig, weave hair extensions near me, wholesale, wig install NYC, wig shop near me, wigs, wigs for alopecia, Women hair Topper, yaki straight 24″ bundles",550.00,350.00,,True,0,https://cdn.shopify.com/s/files/1/1059/1524/products/IMG_3528_1_1087ca80-769f-42e3-99f7-5aa0d7f90e7d.jpg?v=1627145958
424133885991,Jackson Wavy Clip-In Hair Extensions - Pure Raw Virgin Human Hair for Added Volume and Natural Look,14'' / Honey Blonde/Color #27,Prarvi Hair,Hair,jackson-wavy-7-piece-clip-in-set,"Clip-In Set, Indian Natural Virgin Hair, Retail",260.00,250.00,JSCO2714,True,0,https://cdn.shopify.com/s/files/1/1059/1524/products/jacksoncurlyclip-in.jpg?v=1610109583
424133885991,Jackson Wavy Clip-In Hair Extensions - Pure Raw Virgin Human Hair for Added Volume and Natural Look,14'' / Golden Blonde/Color#22,Prarvi Hair,Hair,jackson-wavy-7-piece-clip-in-set,"Clip-In Set, Indian Natural Virgin Hair, Retail",260.00,250.00,JSCO2214,True,0,https://cdn.shopify.com/s/files/1/1059/1524/products/jacksoncurlyclip-in.jpg?v=1610109583
424133885991,Jackson Wavy Clip-In Hair Extensions - Pure Raw Virgin Human Hair for Added Volume and Natural Look,14'' / Color#1B,Prarvi Hair,Hair,jackson-wavy-7-piece-clip-in-set,"Clip-In Set, Indian Natural Virgin Hair, Retail",260.00,250.00,JSCO1B14,True,0,https://cdn.shopify.com/s/files/1/1059/1524/products/jacksoncurlyclip-in.jpg?v=1610109583
424133885991,Jackson Wavy Clip-In Hair Extensions - Pure Raw Virgin Human Hair for Added Volume and Natural Look,14'' / Color#1,Prarvi Hair,Hair,jackson-wavy-7-piece-clip-in-set,"Clip-In Set, Indian Natural Virgin Hair, Retail",260.00,250.00,JSCO114,True,0,https://cdn.shopify.com/s/files/1/1059/1524/products/jacksoncurlyclip-in.jpg?v=1610109583
424133885991,Jackson Wavy Clip-In Hair Extensions - Pure Raw Virgin Human Hair for Added Volume and Natural Look,16'' / Honey Blonde/Color #27,Prarvi Hair,Hair,jackson-wavy-7-piece-clip-in-set,"Clip-In Set, Indian Natural Virgin Hair, Retail",299.00,270.00,JSCO2716,True,0,https://cdn.shopify.com/s/files/1/1059/1524/products/jacksoncurlyclip-in.jpg?v=1610109583
424133885991,Jackson Wavy Clip-In Hair Extensions - Pure Raw Virgin Human Hair for Added Volume and Natural Look,16'' / Golden Blonde/Color#22,Prarvi Hair,Hair,jackson-wavy-7-piece-clip-in-set,"Clip-In Set, Indian Natural Virgin Hair, Retail",299.00,270.00,JSCO2216,True,0,https://cdn.shopify.com/s/files/1/1059/1524/products/jacksoncurlyclip-in.jpg?v=1610109583
424133885991,Jackson Wavy Clip-In Hair Extensions - Pure Raw Virgin Human Hair for Added Volume and Natural Look,16'' / Color#1B,Prarvi Hair,Hair,jackson-wavy-7-piece-clip-in-set,"Clip-In Set, Indian Natural Virgin Hair, Retail",299.00,270.00,JSCO1B16,True,0,https://cdn.shopify.com/s/files/1/1059/1524/products/jacksoncurlyclip-in.jpg?v=1610109583
424133885991,Jackson Wavy Clip-In Hair Extensions - Pure Raw Virgin Human Hair for Added Volume and Natural Look,16'' / Color#1,Prarvi Hair,Hair,jackson-wavy-7-piece-clip-in-set,"Clip-In Set, Indian Natural Virgin Hair, Retail",299.00,270.00,JSCO116,True,0,https://cdn.shopify.com/s/files/1/1059/1524/products/jacksoncurlyclip-in.jpg?v=1610109583
424133885991,Jackson Wavy Clip-In Hair Extensions - Pure Raw Virgin Human Hair for Added Volume and Natural Look,18'' / Honey Blonde/Color #27,Prarvi Hair,Hair,jackson-wavy-7-piece-clip-in-set,"Clip-In Set, Indian Natural Virgin Hair, Retail",325.00,290.00,JSCO2718,True,0,https://cdn.shopify.com/s/files/1/1059/1524/products/jacksoncurlyclip-in.jpg?v=1610109583
424133885991,Jackson Wavy Clip-In Hair Extensions - Pure Raw Virgin Human Hair for Added Volume and Natural Look,18'' / Golden Blonde/Color#22,Prarvi Hair,Hair,jackson-wavy-7-piece-clip-in-set,"Clip-In Set, Indian Natural Virgin Hair, Retail",325.00,290.00,JSCO2218,True,0,https://cdn.shopify.com/s/files/1/1059/1524/products/jacksoncurlyclip-in.jpg?v=1610109583
424133885991,Jackson Wavy Clip-In Hair Extensions - Pure Raw Virgin Human Hair for Added Volume and Natural Look,18'' / Color#1B,Prarvi Hair,Hair,jackson-wavy-7-piece-clip-in-set,"Clip-In Set, Indian Natural Virgin Hair, Retail",325.00,290.00,JSCO1B18,True,0,https://cdn.shopify.com/s/files/1/1059/1524/products/jacksoncurlyclip-in.jpg?v=1610109583
424133885991,Jackson Wavy Clip-In Hair Extensions - Pure Raw Virgin Human Hair for Added Volume and Natural Look,18'' / Color#1,Prarvi Hair,Hair,jackson-wavy-7-piece-clip-in-set,"Clip-In Set, Indian Natural Virgin Hair, Retail",325.00,290.00,JSCO118,True,0,https://cdn.shopify.com/s/files/1/1059/1524/products/jacksoncurlyclip-in.jpg?v=1610109583
424133885991,Jackson Wavy Clip-In Hair Extensions - Pure Raw Virgin Human Hair for Added Volume and Natural Look,20'' / Honey Blonde/Color #27,Prarvi Hair,Hair,jackson-wavy-7-piece-clip-in-set,"Clip-In Set, Indian Natural Virgin Hair, Retail",345.00,310.00,JSCO2720,True,0,https://cdn.shopify.com/s/files/1/1059/1524/products/jacksoncurlyclip-in.jpg?v=1610109583
424133885991,Jackson Wavy Clip-In Hair Extensions - Pure Raw Virgin Human Hair for Added Volume and Natural Look,20'' / Golden Blonde/Color#22,Prarvi Hair,Hair,jackson-wavy-7-piece-clip-in-set,"Clip-In Set, Indian Natural Virgin Hair, Retail",345.00,310.00,JSCO2220,True,0,https://cdn.shopify.com/s/files/1/1059/1524/products/jacksoncurlyclip-in.jpg?v=1610109583
424133885991,Jackson Wavy Clip-In Hair Extensions - Pure Raw Virgin Human Hair for Added Volume and Natural Look,20'' / Color#1B,Prarvi Hair,Hair,jackson-wavy-7-piece-clip-in-set,"Clip-In Set, Indian Natural Virgin Hair, Retail",345.00,310.00,JSCO1B20,True,0,https://cdn.shopify.com/s/files/1/1059/1524/products/jacksoncurlyclip-in.jpg?v=1610109583
424133885991,Jackson Wavy Clip-In Hair Extensions - Pure Raw Virgin Human Hair for Added Volume and Natural Look,20'' / Color#1,Prarvi Hair,Hair,jackson-wavy-7-piece-clip-in-set,"Clip-In Set, Indian Natural Virgin Hair, Retail",345.00,310.00,JSCO120,True,0,https://cdn.shopify.com/s/files/1/1059/1524/products/jacksoncurlyclip-in.jpg?v=1610109583
424133885991,Jackson Wavy Clip-In Hair Extensions - Pure Raw Virgin Human Hair for Added Volume and Natural Look,22 / Honey Blonde/Color #27,Prarvi Hair,Hair,jackson-wavy-7-piece-clip-in-set,"Clip-In Set, Indian Natural Virgin Hair, Retail",365.00,330.00,JSCO2722,True,0,https://cdn.shopify.com/s/files/1/1059/1524/products/jacksoncurlyclip-in.jpg?v=1610109583
424133885991,Jackson Wavy Clip-In Hair Extensions - Pure Raw Virgin Human Hair for Added Volume and Natural Look,22 / Color#1B,Prarvi Hair,Hair,jackson-wavy-7-piece-clip-in-set,"Clip-In Set, Indian Natural Virgin Hair, Retail",365.00,330.00,JSCO1B22,True,0,https://cdn.shopify.com/s/files/1/1059/1524/products/jacksoncurlyclip-in.jpg?v=1610109583
424133885991,Jackson Wavy Clip-In Hair Extensions - Pure Raw Virgin Human Hair for Added Volume and Natural Look,24'' / Honey Blonde/Color #27,Prarvi Hair,Hair,jackson-wavy-7-piece-clip-in-set,"Clip-In Set, Indian Natural Virgin Hair, Retail",385.00,350.00,JSCO2724,True,0,https://cdn.shopify.com/s/files/1/1059/1524/products/jacksoncurlyclip-in.jpg?v=1610109583
424133885991,Jackson Wavy Clip-In Hair Extensions - Pure Raw Virgin Human Hair for Added Volume and Natural Look,24'' / Golden Blonde/Color#22,Prarvi Hair,Hair,jackson-wavy-7-piece-clip-in-set,"Clip-In Set, Indian Natural Virgin Hair, Retail",385.00,350.00,JSCO2224,True,0,https://cdn.shopify.com/s/files/1/1059/1524/products/jacksoncurlyclip-in.jpg?v=1610109583
424133885991,Jackson Wavy Clip-In Hair Extensions - Pure Raw Virgin Human Hair for Added Volume and Natural Look,24'' / Color#1B,Prarvi Hair,Hair,jackson-wavy-7-piece-clip-in-set,"Clip-In Set, Indian Natural Virgin Hair, Retail",385.00,350.00,JSCO1B24,True,0,https://cdn.shopify.com/s/files/1/1059/1524/products/jacksoncurlyclip-in.jpg?v=1610109583
424133885991,Jackson Wavy Clip-In Hair Extensions - Pure Raw Virgin Human Hair for Added Volume and Natural Look,24'' / Color#1,Prarvi Hair,Hair,jackson-wavy-7-piece-clip-in-set,"Clip-In Set, Indian Natural Virgin Hair, Retail",385.00,350.00,JSCO124,True,0,https://cdn.shopify.com/s/files/1/1059/1524/products/jacksoncurlyclip-in.jpg?v=1610109583
424133885991,Jackson Wavy Clip-In Hair Extensions - Pure Raw Virgin Human Hair for Added Volume and Natural Look,22 / Color#1,Prarvi Hair,Hair,jackson-wavy-7-piece-clip-in-set,"Clip-In Set, Indian Natural Virgin Hair, Retail",365.00,330.00,JSCO122,True,0,https://cdn.shopify.com/s/files/1/1059/1524/products/jacksoncurlyclip-in.jpg?v=1610109583
424133885991,Jackson Wavy Clip-In Hair Extensions - Pure Raw Virgin Human Hair for Added Volume and Natural Look,22 / Golden Blonde/Color#22,Prarvi Hair,Hair,jackson-wavy-7-piece-clip-in-set,"Clip-In Set, Indian Natural Virgin Hair, Retail",365.00,330.00,JSCO2222,True,0,https://cdn.shopify.com/s/files/1/1059/1524/products/jacksoncurlyclip-in.jpg?v=1610109583
424141226023,Natural Wavy- 7 Piece Clip In Set,14'' / Color#1B,Prarvi Hair,Hair,natural-wavy-7-piece-clip-in-set,"Clip-In Set, clipon, natural hair, Natural Wave, Retail, voulmizer",245.00,205.00,NWCO1B14,True,0,https://cdn.shopify.com/s/files/1/1059/1524/products/NWclipon_6.jpg?v=1655722371
424141226023,Natural Wavy- 7 Piece Clip In Set,18'' / Color#1B,Prarvi Hair,Hair,natural-wavy-7-piece-clip-in-set,"Clip-In Set, clipon, natural hair, Natural Wave, Retail, voulmizer",269.00,225.00,NWCO1B18,True,0,https://cdn.shopify.com/s/files/1/1059/1524/products/NWclipon_6.jpg?v=1655722371
424141226023,Natural Wavy- 7 Piece Clip In Set,20'' / Color#1B,Prarvi Hair,Hair,natural-wavy-7-piece-clip-in-set,"Clip-In Set, clipon, natural hair, Natural Wave, Retail, voulmizer",285.00,245.00,NWCO1B20,True,0,https://cdn.shopify.com/s/files/1/1059/1524/products/NWclipon_6.jpg?v=1655722371
424141226023,Natural Wavy- 7 Piece Clip In Set,22'' / Color#1B,Prarvi Hair,Hair,natural-wavy-7-piece-clip-in-set,"Clip-In Set, clipon, natural hair, Natural Wave, Retail, voulmizer",295.00,265.00,NWCO1B22,True,0,https://cdn.shopify.com/s/files/1/1059/1524/products/NWclipon_6.jpg?v=1655722371
424141226023,Natural Wavy- 7 Piece Clip In Set,24'' / Color#1B,Prarvi Hair,Hair,natural-wavy-7-piece-clip-in-set,"Clip-In Set, clipon, natural hair, Natural Wave, Retail, voulmizer",310.00,285.00,NWCO1B24,True,0,https://cdn.shopify.com/s/files/1/1059/1524/products/NWclipon_6.jpg?v=1655722371
1641614835754,Golden Blonde Highlighter Hair Strands | 100% Virgin Remy Clip-Ins by Prarvi,12 / Golden Blonde,Prarvi Hair,Clip-In Hair Highlighter Strands,golden-blonde-hair-highlighter,"12-Inch Hair Strands, Clip-In Extensions, Customizable Hair Highlights, Golden Blonde, Hair Highlights, Indian Natural Virgin Hair, Temporary Hair Color, Virgin Remy Hair",10.00,20.00,SH2212,True,0,https://cdn.shopify.com/s/files/1/1059/1524/products/bfccEQn0.jpg?v=1610197449
1429066645546,Ash Blonde Hair Strand Highlighter,12 / Ash BlondeHighlighter,Prarvi Hair,Hair,hair-strand-highlighter,"Hair Stand Highlighter, Retail",10.00,20.00,SH2712,True,0,https://cdn.shopify.com/s/files/1/1059/1524/products/OXjeSFYw.jpg?v=1604299133
1428999241770,Afro Thick Coily -7 Piece Clip Ons Set,14,Prarvi Hair,Hair,afro-thick-7-piece-clip-in-set,"Clip-In Set, Retail",310.00,250.00,AFTHCO14,True,0,https://cdn.shopify.com/s/files/1/1059/1524/products/afroclipon_2.jpg?v=1610367020
1428999241770,Afro Thick Coily -7 Piece Clip Ons Set,18,Prarvi Hair,Hair,afro-thick-7-piece-clip-in-set,"Clip-In Set, Retail",375.00,290.00,AFTHCO18,True,0,https://cdn.shopify.com/s/files/1/1059/1524/products/afroclipon_2.jpg?v=1610367020
1428999241770,Afro Thick Coily -7 Piece Clip Ons Set,20,Prarvi Hair,Hair,afro-thick-7-piece-clip-in-set,"Clip-In Set, Retail",445.00,310.00,AFTHCO20,True,0,https://cdn.shopify.com/s/files/1/1059/1524/products/afroclipon_2.jpg?v=1610367020
1428999241770,Afro Thick Coily -7 Piece Clip Ons Set,22,Prarvi Hair,Hair,afro-thick-7-piece-clip-in-set,"Clip-In Set, Retail",465.00,330.00,AFTHCO22,True,0,https://cdn.shopify.com/s/files/1/1059/1524/products/afroclipon_2.jpg?v=1610367020
1428999241770,Afro Thick Coily -7 Piece Clip Ons Set,24,Prarvi Hair,Hair,afro-thick-7-piece-clip-in-set,"Clip-In Set, Retail",485.00,350.00,AFTHCO24,True,0,https://cdn.shopify.com/s/files/1/1059/1524/products/afroclipon_2.jpg?v=1610367020
406819766311,Platinum Blonde Natural Wave Lace Frontal,16'',Prarvi Hair,Hair,frontal-natural-wave-613,"Blonde Hair Extensions, frontal, Retail",399.00,369.00,FRNW61316,True,0,https://cdn.shopify.com/s/files/1/1059/1524/products/41_2.jpg?v=1609147120
406819766311,Platinum Blonde Natural Wave Lace Frontal,18'',Prarvi Hair,Hair,frontal-natural-wave-613,"Blonde Hair Extensions, frontal, Retail",415.00,379.00,FRNW61318,True,0,https://cdn.shopify.com/s/files/1/1059/1524/products/41_2.jpg?v=1609147120
413077700647,Sea Breezy full Closure,10'',Prarvi Hair,Hair,sea-breezy-full-cloosure,"Closure, Indian Natural Virgin Hair, Natural Virgin Color, Retail, Sea breezy full",149.00,150.00,CLSB10,True,0,https://cdn.shopify.com/s/files/1/1059/1524/products/seaclosure.jpg?v=1604389041
413077700647,Sea Breezy full Closure,12'',Prarvi Hair,Hair,sea-breezy-full-cloosure,"Closure, Indian Natural Virgin Hair, Natural Virgin Color, Retail, Sea breezy full",159.00,160.00,CLSB12,True,0,https://cdn.shopify.com/s/files/1/1059/1524/products/seaclosure.jpg?v=1604389041
413077700647,Sea Breezy full Closure,14'',Prarvi Hair,Hair,sea-breezy-full-cloosure,"Closure, Indian Natural Virgin Hair, Natural Virgin Color, Retail, Sea breezy full",169.00,170.00,CLSB14,True,0,https://cdn.shopify.com/s/files/1/1059/1524/products/seaclosure.jpg?v=1604389041
413077700647,Sea Breezy full Closure,16'',Prarvi Hair,Hair,sea-breezy-full-cloosure,"Closure, Indian Natural Virgin Hair, Natural Virgin Color, Retail, Sea breezy full",189.00,180.00,CLSB16,True,0,https://cdn.shopify.com/s/files/1/1059/1524/products/seaclosure.jpg?v=1604389041
413077700647,Sea Breezy full Closure,18'',Prarvi Hair,Hair,sea-breezy-full-cloosure,"Closure, Indian Natural Virgin Hair, Natural Virgin Color, Retail, Sea breezy full",199.00,190.00,CLSB18,True,0,https://cdn.shopify.com/s/files/1/1059/1524/products/seaclosure.jpg?v=1604389041
413077700647,Sea Breezy full Closure,20'',Prarvi Hair,Hair,sea-breezy-full-cloosure,"Closure, Indian Natural Virgin Hair, Natural Virgin Color, Retail, Sea breezy full",209.00,200.00,CLSB20,True,0,https://cdn.shopify.com/s/files/1/1059/1524/products/seaclosure.jpg?v=1604389041
420269260839,Full Lace Wig-Alopecia and Chemo Prosthesis Design,10'',Prarvi Hair,Hair,full-lace-wig-1,"Blonde Hair Extensions, Natural Wave, Retail, wigs",949.00,1049.00,FLLWNW1B10,True,0,https://cdn.shopify.com/s/files/1/1059/1524/files/hair7_e04e099a-058f-4fe8-87bc-5de1db1dcdaf.jpg?v=1738925660
420269260839,Full Lace Wig-Alopecia and Chemo Prosthesis Design,12'',Prarvi Hair,Hair,full-lace-wig-1,"Blonde Hair Extensions, Natural Wave, Retail, wigs",989.00,1089.00,FLLWNW1B12,True,0,https://cdn.shopify.com/s/files/1/1059/1524/files/hair7_e04e099a-058f-4fe8-87bc-5de1db1dcdaf.jpg?v=1738925660
420269260839,Full Lace Wig-Alopecia and Chemo Prosthesis Design,14'',Prarvi Hair,Hair,full-lace-wig-1,"Blonde Hair Extensions, Natural Wave, Retail, wigs",1009.00,1109.00,FLLWNW1B14,True,0,https://cdn.shopify.com/s/files/1/1059/1524/files/hair7_e04e099a-058f-4fe8-87bc-5de1db1dcdaf.jpg?v=1738925660
420269260839,Full Lace Wig-Alopecia and Chemo Prosthesis Design,16'',Prarvi Hair,Hair,full-lace-wig-1,"Blonde Hair Extensions, Natural Wave, Retail, wigs",1039.00,1139.00,FLLWNW1B16,True,0,https://cdn.shopify.com/s/files/1/1059/1524/files/hair7_e04e099a-058f-4fe8-87bc-5de1db1dcdaf.jpg?v=1738925660
420269260839,Full Lace Wig-Alopecia and Chemo Prosthesis Design,18'',Prarvi Hair,Hair,full-lace-wig-1,"Blonde Hair Extensions, Natural Wave, Retail, wigs",1049.00,1149.00,FLLWNW1B18,True,0,https://cdn.shopify.com/s/files/1/1059/1524/files/hair7_e04e099a-058f-4fe8-87bc-5de1db1dcdaf.jpg?v=1738925660
420269260839,Full Lace Wig-Alopecia and Chemo Prosthesis Design,20'',Prarvi Hair,Hair,full-lace-wig-1,"Blonde Hair Extensions, Natural Wave, Retail, wigs",1099.00,1199.00,FLLWNW1B20,True,0,https://cdn.shopify.com/s/files/1/1059/1524/files/hair7_e04e099a-058f-4fe8-87bc-5de1db1dcdaf.jpg?v=1738925660
420269260839,Full Lace Wig-Alopecia and Chemo Prosthesis Design,22'',Prarvi Hair,Hair,full-lace-wig-1,"Blonde Hair Extensions, Natural Wave, Retail, wigs",1149.00,1249.00,FLLWNW1B22,True,0,https://cdn.shopify.com/s/files/1/1059/1524/files/hair7_e04e099a-058f-4fe8-87bc-5de1db1dcdaf.jpg?v=1738925660
420269260839,Full Lace Wig-Alopecia and Chemo Prosthesis Design,24'',Prarvi Hair,Hair,full-lace-wig-1,"Blonde Hair Extensions, Natural Wave, Retail, wigs",1199.00,1299.00,FLLWNW1B24,True,0,https://cdn.shopify.com/s/files/1/1059/1524/files/hair7_e04e099a-058f-4fe8-87bc-5de1db1dcdaf.jpg?v=1738925660
420268867623,Relaxed Hair(Yaki),10'',Prarvi Hair,Hair,relaxed-hair,"Indian Natural Virgin Hair, Natural Virgin Color, Relaxed Hair, Retail",99.00,139.00,RH10,True,0,https://cdn.shopify.com/s/files/1/1059/1524/products/1_1.jpg?v=1604389467
420268867623,Relaxed Hair(Yaki),12'',Prarvi Hair,Hair,relaxed-hair,"Indian Natural Virgin Hair, Natural Virgin Color, Relaxed Hair, Retail",109.00,149.00,RH12,True,0,https://cdn.shopify.com/s/files/1/1059/1524/products/1_1.jpg?v=1604389467
420268867623,Relaxed Hair(Yaki),14'',Prarvi Hair,Hair,relaxed-hair,"Indian Natural Virgin Hair, Natural Virgin Color, Relaxed Hair, Retail",119.00,159.00,RH14,True,0,https://cdn.shopify.com/s/files/1/1059/1524/products/1_1.jpg?v=1604389467
420268867623,Relaxed Hair(Yaki),16'',Prarvi Hair,Hair,relaxed-hair,"Indian Natural Virgin Hair, Natural Virgin Color, Relaxed Hair, Retail",139.00,169.00,RH16,True,0,https://cdn.shopify.com/s/files/1/1059/1524/products/1_1.jpg?v=1604389467
420268867623,Relaxed Hair(Yaki),18'',Prarvi Hair,Hair,relaxed-hair,"Indian Natural Virgin Hair, Natural Virgin Color, Relaxed Hair, Retail",159.00,179.00,RH18,True,0,https://cdn.shopify.com/s/files/1/1059/1524/products/1_1.jpg?v=1604389467
420268867623,Relaxed Hair(Yaki),20'',Prarvi Hair,Hair,relaxed-hair,"Indian Natural Virgin Hair, Natural Virgin Color, Relaxed Hair, Retail",179.00,189.00,RH20,True,0,https://cdn.shopify.com/s/files/1/1059/1524/products/1_1.jpg?v=1604389467
420268867623,Relaxed Hair(Yaki),22,Prarvi Hair,Hair,relaxed-hair,"Indian Natural Virgin Hair, Natural Virgin Color, Relaxed Hair, Retail",199.00,199.00,RH22,True,0,https://cdn.shopify.com/s/files/1/1059/1524/products/1_1.jpg?v=1604389467
420268867623,Relaxed Hair(Yaki),24,Prarvi Hair,Hair,relaxed-hair,"Indian Natural Virgin Hair, Natural Virgin Color, Relaxed Hair, Retail",219.00,209.00,RH24,True,0,https://cdn.shopify.com/s/files/1/1059/1524/products/1_1.jpg?v=1604389467
420268867623,Relaxed Hair(Yaki),26,Prarvi Hair,Hair,relaxed-hair,"Indian Natural Virgin Hair, Natural Virgin Color, Relaxed Hair, Retail",239.00,219.00,RH26,True,0,https://cdn.shopify.com/s/files/1/1059/1524/products/1_1.jpg?v=1604389467
420268867623,Relaxed Hair(Yaki),28,Prarvi Hair,Hair,relaxed-hair,"Indian Natural Virgin Hair, Natural Virgin Color, Relaxed Hair, Retail",259.00,229.00,RH28,True,0,https://cdn.shopify.com/s/files/1/1059/1524/products/1_1.jpg?v=1604389467
420268867623,Relaxed Hair(Yaki),30,Prarvi Hair,Hair,relaxed-hair,"Indian Natural Virgin Hair, Natural Virgin Color, Relaxed Hair, Retail",289.00,239.00,RH30,True,0,https://cdn.shopify.com/s/files/1/1059/1524/products/1_1.jpg?v=1604389467
417932214311,Afro Thin Closure,10,Prarvi Hair,Hair,afro-thin-closure,"Afro Thin Coily, Closure, Indian Natural Virgin Hair, Retail",199.00,150.00,CL44AFTN10,True,0,https://cdn.shopify.com/s/files/1/1059/1524/products/afthna_1.jpg?v=1609402588
417932214311,Afro Thin Closure,12,Prarvi Hair,Hair,afro-thin-closure,"Afro Thin Coily, Closure, Indian Natural Virgin Hair, Retail",209.00,160.00,CL44AFTN12,True,0,https://cdn.shopify.com/s/files/1/1059/1524/products/afthna_1.jpg?v=1609402588
417932214311,Afro Thin Closure,14,Prarvi Hair,Hair,afro-thin-closure,"Afro Thin Coily, Closure, Indian Natural Virgin Hair, Retail",219.00,170.00,CL44AFTN14,True,0,https://cdn.shopify.com/s/files/1/1059/1524/products/afthna_1.jpg?v=1609402588
417932214311,Afro Thin Closure,16,Prarvi Hair,Hair,afro-thin-closure,"Afro Thin Coily, Closure, Indian Natural Virgin Hair, Retail",239.00,180.00,CL44AFTN16,True,0,https://cdn.shopify.com/s/files/1/1059/1524/products/afthna_1.jpg?v=1609402588
417932214311,Afro Thin Closure,18,Prarvi Hair,Hair,afro-thin-closure,"Afro Thin Coily, Closure, Indian Natural Virgin Hair, Retail",249.00,190.00,CL44AFTN18,True,0,https://cdn.shopify.com/s/files/1/1059/1524/products/afthna_1.jpg?v=1609402588
417932214311,Afro Thin Closure,20,Prarvi Hair,Hair,afro-thin-closure,"Afro Thin Coily, Closure, Indian Natural Virgin Hair, Retail",309.00,200.00,CL44AFTN20,True,0,https://cdn.shopify.com/s/files/1/1059/1524/products/afthna_1.jpg?v=1609402588
417932214311,Afro Thin Closure,22,Prarvi Hair,Hair,afro-thin-closure,"Afro Thin Coily, Closure, Indian Natural Virgin Hair, Retail",329.00,220.00,CL44AFTN12,True,0,https://cdn.shopify.com/s/files/1/1059/1524/products/afthna_1.jpg?v=1609402588
417915207719,Afro Thick Closure,10,Prarvi Hair,Hair,afro-thick-closure,"Afro Thick Curls, Closure, Retail",199.00,159.00,CL44AFTK10,True,0,https://cdn.shopify.com/s/files/1/1059/1524/products/afthka_2.jpg?v=1609402502
417915207719,Afro Thick Closure,12,Prarvi Hair,Hair,afro-thick-closure,"Afro Thick Curls, Closure, Retail",209.00,169.00,CL44AFTK12,True,0,https://cdn.shopify.com/s/files/1/1059/1524/products/afthka_2.jpg?v=1609402502
417915207719,Afro Thick Closure,14,Prarvi Hair,Hair,afro-thick-closure,"Afro Thick Curls, Closure, Retail",219.00,179.00,CL44AFTK14,True,0,https://cdn.shopify.com/s/files/1/1059/1524/products/afthka_2.jpg?v=1609402502
417915207719,Afro Thick Closure,16,Prarvi Hair,Hair,afro-thick-closure,"Afro Thick Curls, Closure, Retail",239.00,180.00,CL44AFTK16,True,0,https://cdn.shopify.com/s/files/1/1059/1524/products/afthka_2.jpg?v=1609402502
417915207719,Afro Thick Closure,18,Prarvi Hair,Hair,afro-thick-closure,"Afro Thick Curls, Closure, Retail",249.00,190.00,CL44AFTK18,True,0,https://cdn.shopify.com/s/files/1/1059/1524/products/afthka_2.jpg?v=1609402502
417915207719,Afro Thick Closure,20,Prarvi Hair,Hair,afro-thick-closure,"Afro Thick Curls, Closure, Retail",309.00,205.00,CL44AFTK20,True,0,https://cdn.shopify.com/s/files/1/1059/1524/products/afthka_2.jpg?v=1609402502
417915207719,Afro Thick Closure,22,Prarvi Hair,Hair,afro-thick-closure,"Afro Thick Curls, Closure, Retail",329.00,220.00,CL44AFTK22,True,0,https://cdn.shopify.com/s/files/1/1059/1524/products/afthka_2.jpg?v=1609402502
417098039335,Grey/Gray Closure (Salt and Pepper),12'',Prarvi Hair,Hair,grey-closuresalt-and-papper,"Closure, Grey Hair, Retail",209.00,200.00,CLGR12,True,0,https://cdn.shopify.com/s/files/1/1059/1524/products/GREYCLOSURE_2.jpg?v=1609403012
417098039335,Grey/Gray Closure (Salt and Pepper),14'',Prarvi Hair,Hair,grey-closuresalt-and-papper,"Closure, Grey Hair, Retail",219.00,210.00,CLGR14,True,0,https://cdn.shopify.com/s/files/1/1059/1524/products/GREYCLOSURE_2.jpg?v=1609403012
417098039335,Grey/Gray Closure (Salt and Pepper),16'',Prarvi Hair,Hair,grey-closuresalt-and-papper,"Closure, Grey Hair, Retail",239.00,220.00,CLGR16,True,0,https://cdn.shopify.com/s/files/1/1059/1524/products/GREYCLOSURE_2.jpg?v=1609403012
7838889360,Front Lace Wigs - Full Curls,20,Prarvi Hair,Hair,front-lace-wigs-kinky-curls,"Indian Natural Virgin Hair, Natural Virgin Color, Retail, wigs",619.00,899.00,FLWFCNW1B20,True,0,https://cdn.shopify.com/s/files/1/1059/1524/files/hair3_b169b71f-f9a6-41bb-a777-26b56eebeebb.jpg?v=1738924380
417028046887,Natural Black(#1B)-Ash blonde (#27) Ombre Hair,12'',Prarvi Hair,Hair,ombre-1b-27,"Blonde Hair Extensions, IBS, Ombre, Retail",189.00,239.00,OM1B2712,True,0,https://cdn.shopify.com/s/files/1/1059/1524/products/31_9.jpg?v=1605778897
417028046887,Natural Black(#1B)-Ash blonde (#27) Ombre Hair,14'',Prarvi Hair,Hair,ombre-1b-27,"Blonde Hair Extensions, IBS, Ombre, Retail",199.00,219.00,OM1B2714,True,0,https://cdn.shopify.com/s/files/1/1059/1524/products/31_9.jpg?v=1605778897
417028046887,Natural Black(#1B)-Ash blonde (#27) Ombre Hair,16'',Prarvi Hair,Hair,ombre-1b-27,"Blonde Hair Extensions, IBS, Ombre, Retail",219.00,229.00,OM1B2716,True,0,https://cdn.shopify.com/s/files/1/1059/1524/products/31_9.jpg?v=1605778897
417028046887,Natural Black(#1B)-Ash blonde (#27) Ombre Hair,18'',Prarvi Hair,Hair,ombre-1b-27,"Blonde Hair Extensions, IBS, Ombre, Retail",239.00,239.00,OM1B2718,True,0,https://cdn.shopify.com/s/files/1/1059/1524/products/31_9.jpg?v=1605778897
417028046887,Natural Black(#1B)-Ash blonde (#27) Ombre Hair,20'',Prarvi Hair,Hair,ombre-1b-27,"Blonde Hair Extensions, IBS, Ombre, Retail",259.00,249.00,OM1B2720,True,0,https://cdn.shopify.com/s/files/1/1059/1524/products/31_9.jpg?v=1605778897
417028046887,Natural Black(#1B)-Ash blonde (#27) Ombre Hair,22'',Prarvi Hair,Hair,ombre-1b-27,"Blonde Hair Extensions, IBS, Ombre, Retail",279.00,259.00,OM1B2722,True,0,https://cdn.shopify.com/s/files/1/1059/1524/products/31_9.jpg?v=1605778897
417028046887,Natural Black(#1B)-Ash blonde (#27) Ombre Hair,24'',Prarvi Hair,Hair,ombre-1b-27,"Blonde Hair Extensions, IBS, Ombre, Retail",299.00,269.00,OM1B2724,True,0,https://cdn.shopify.com/s/files/1/1059/1524/products/31_9.jpg?v=1605778897
417028046887,Natural Black(#1B)-Ash blonde (#27) Ombre Hair,26'',Prarvi Hair,Hair,ombre-1b-27,"Blonde Hair Extensions, IBS, Ombre, Retail",319.00,279.00,OM1B2726,True,0,https://cdn.shopify.com/s/files/1/1059/1524/products/31_9.jpg?v=1605778897
417028046887,Natural Black(#1B)-Ash blonde (#27) Ombre Hair,28'',Prarvi Hair,Hair,ombre-1b-27,"Blonde Hair Extensions, IBS, Ombre, Retail",339.00,289.00,OM1B2728,True,0,https://cdn.shopify.com/s/files/1/1059/1524/products/31_9.jpg?v=1605778897
416871874599,High-Quality Virgin Remy Hair Front Lace Wigs,10'',Prarvi Hair,Hair,front-lace-wig-natural-wavy,"Indian Natural Virgin Hair, Natural Virgin Color, Retail, wigs",389.00,449.00,FLWNW1B10,True,0,https://cdn.shopify.com/s/files/1/1059/1524/files/hair4.jpg?v=1738924416
416871874599,High-Quality Virgin Remy Hair Front Lace Wigs,12'',Prarvi Hair,Hair,front-lace-wig-natural-wavy,"Indian Natural Virgin Hair, Natural Virgin Color, Retail, wigs",429.00,489.00,FLWNW1B12,True,0,https://cdn.shopify.com/s/files/1/1059/1524/files/hair4.jpg?v=1738924416
416871874599,High-Quality Virgin Remy Hair Front Lace Wigs,14'',Prarvi Hair,Hair,front-lace-wig-natural-wavy,"Indian Natural Virgin Hair, Natural Virgin Color, Retail, wigs",469.00,529.00,FLWNW1B14,True,0,https://cdn.shopify.com/s/files/1/1059/1524/files/hair4.jpg?v=1738924416
416871874599,High-Quality Virgin Remy Hair Front Lace Wigs,16'',Prarvi Hair,Hair,front-lace-wig-natural-wavy,"Indian Natural Virgin Hair, Natural Virgin Color, Retail, wigs",519.00,579.00,FLWNW1B16,True,0,https://cdn.shopify.com/s/files/1/1059/1524/files/hair4.jpg?v=1738924416
416871874599,High-Quality Virgin Remy Hair Front Lace Wigs,18'',Prarvi Hair,Hair,front-lace-wig-natural-wavy,"Indian Natural Virgin Hair, Natural Virgin Color, Retail, wigs",559.00,619.00,FLWNW1B18,True,0,https://cdn.shopify.com/s/files/1/1059/1524/files/hair4.jpg?v=1738924416
416871874599,High-Quality Virgin Remy Hair Front Lace Wigs,20'',Prarvi Hair,Hair,front-lace-wig-natural-wavy,"Indian Natural Virgin Hair, Natural Virgin Color, Retail, wigs",579.00,629.00,FLWNW1B20,True,0,https://cdn.shopify.com/s/files/1/1059/1524/files/hair4.jpg?v=1738924416
416871874599,High-Quality Virgin Remy Hair Front Lace Wigs,22'',Prarvi Hair,Hair,front-lace-wig-natural-wavy,"Indian Natural Virgin Hair, Natural Virgin Color, Retail, wigs",619.00,679.00,FLWNW1B22,True,0,https://cdn.shopify.com/s/files/1/1059/1524/files/hair4.jpg?v=1738924416
416810106919,Premium Full Lace Wigs Natural Wave with Mono Top,18'',Prarvi Hair,Hair,full-lace-wigs-natural-wave-brown-8-mono-top,"IBS, Retail, wigs",1250.00,1400.00,FLLWNW8,True,0,https://cdn.shopify.com/s/files/1/1059/1524/files/hair8_69a397fe-4df1-4243-94c2-bcb30f0f2994.jpg?v=1738925693
5308413829,Ash Blonde Hair Extension,10,Prarvi Hair,Hair,ash-blonde,"Blonde Hair Extensions, IBS, Retail",199.00,169.00,BL2710,True,99,https://cdn.shopify.com/s/files/1/1059/1524/products/30_1.jpg?v=1607961691
5308413829,Ash Blonde Hair Extension,12,Prarvi Hair,Hair,ash-blonde,"Blonde Hair Extensions, IBS, Retail",209.00,179.00,BL2712,True,99,https://cdn.shopify.com/s/files/1/1059/1524/products/30_1.jpg?v=1607961691
5308413829,Ash Blonde Hair Extension,14,Prarvi Hair,Hair,ash-blonde,"Blonde Hair Extensions, IBS, Retail",219.00,189.00,BL2714,True,99,https://cdn.shopify.com/s/files/1/1059/1524/products/30_1.jpg?v=1607961691
5308413829,Ash Blonde Hair Extension,16,Prarvi Hair,Hair,ash-blonde,"Blonde Hair Extensions, IBS, Retail",239.00,199.00,BL2716,True,99,https://cdn.shopify.com/s/files/1/1059/1524/products/30_1.jpg?v=1607961691
5308413829,Ash Blonde Hair Extension,18,Prarvi Hair,Hair,ash-blonde,"Blonde Hair Extensions, IBS, Retail",259.00,209.00,BL2718,True,99,https://cdn.shopify.com/s/files/1/1059/1524/products/30_1.jpg?v=1607961691
5308413829,Ash Blonde Hair Extension,20,Prarvi Hair,Hair,ash-blonde,"Blonde Hair Extensions, IBS, Retail",329.00,219.00,BL2720,True,99,https://cdn.shopify.com/s/files/1/1059/1524/products/30_1.jpg?v=1607961691
5308413829,Ash Blonde Hair Extension,22,Prarvi Hair,Hair,ash-blonde,"Blonde Hair Extensions, IBS, Retail",349.00,229.00,BL2722,True,99,https://cdn.shopify.com/s/files/1/1059/1524/products/30_1.jpg?v=1607961691
5308413829,Ash Blonde Hair Extension,24,Prarvi Hair,Hair,ash-blonde,"Blonde Hair Extensions, IBS, Retail",369.00,239.00,BL2724,True,99,https://cdn.shopify.com/s/files/1/1059/1524/products/30_1.jpg?v=1607961691
5308413829,Ash Blonde Hair Extension,26,Prarvi Hair,Hair,ash-blonde,"Blonde Hair Extensions, IBS, Retail",489.00,249.00,BL2726,True,99,https://cdn.shopify.com/s/files/1/1059/1524/products/30_1.jpg?v=1607961691
5308413829,Ash Blonde Hair Extension,28,Prarvi Hair,Hair,ash-blonde,"Blonde Hair Extensions, IBS, Retail",509.00,259.00,BL2728,True,99,https://cdn.shopify.com/s/files/1/1059/1524/products/30_1.jpg?v=1607961691
5308413829,Ash Blonde Hair Extension,30,Prarvi Hair,Hair,ash-blonde,"Blonde Hair Extensions, IBS, Retail",529.00,269.00,BL2730,True,99,https://cdn.shopify.com/s/files/1/1059/1524/products/30_1.jpg?v=1607961691
415172689959,Ash Blonde Jackson Hair Extension,16'',Prarvi Hair,Hair,curly-blonde-hair-extensions-ash-blonde-honey-blonde-color-27,"Blonde Hair Extensions, IBS, Retail",259.00,235.00,CBL2716,True,99,https://cdn.shopify.com/s/files/1/1059/1524/products/jackson27.jpg?v=1606722890
415172689959,Ash Blonde Jackson Hair Extension,18'',Prarvi Hair,Hair,curly-blonde-hair-extensions-ash-blonde-honey-blonde-color-27,"Blonde Hair Extensions, IBS, Retail",279.00,245.00,CBL2718,True,99,https://cdn.shopify.com/s/files/1/1059/1524/products/jackson27.jpg?v=1606722890
415172689959,Ash Blonde Jackson Hair Extension,20'',Prarvi Hair,Hair,curly-blonde-hair-extensions-ash-blonde-honey-blonde-color-27,"Blonde Hair Extensions, IBS, Retail",349.00,255.00,CBL2720,True,99,https://cdn.shopify.com/s/files/1/1059/1524/products/jackson27.jpg?v=1606722890
415172689959,Ash Blonde Jackson Hair Extension,22'',Prarvi Hair,Hair,curly-blonde-hair-extensions-ash-blonde-honey-blonde-color-27,"Blonde Hair Extensions, IBS, Retail",369.00,265.00,CBL2722,True,99,https://cdn.shopify.com/s/files/1/1059/1524/products/jackson27.jpg?v=1606722890
415172689959,Ash Blonde Jackson Hair Extension,24'',Prarvi Hair,Hair,curly-blonde-hair-extensions-ash-blonde-honey-blonde-color-27,"Blonde Hair Extensions, IBS, Retail",389.00,275.00,CBL2724,True,0,https://cdn.shopify.com/s/files/1/1059/1524/products/jackson27.jpg?v=1606722890
415141789735,Ombre Closure (Natural Black-Ash Blonde),14'',Prarvi Hair,Hair,ombre-closure-1b-27,"Closure, IBS, Ombre, Retail",219.00,240.00,CLOM1B2714,True,0,https://cdn.shopify.com/s/files/1/1059/1524/products/pic2-27_1.jpg?v=1609403321
415141789735,Ombre Closure (Natural Black-Ash Blonde),18'',Prarvi Hair,Hair,ombre-closure-1b-27,"Closure, IBS, Ombre, Retail",239.00,260.00,CLOM1B2718,True,0,https://cdn.shopify.com/s/files/1/1059/1524/products/pic2-27_1.jpg?v=1609403321
415123341351,Ombre Closure (Natural Black/1B-Golden Blonde/ #22),14'',Prarvi Hair,Hair,ombre-closure1b-22,"Closure, IBS, Ombre, Retail",219.00,240.00,CLOM1B2214,True,0,https://cdn.shopify.com/s/files/1/1059/1524/products/pic3-22_1.jpg?v=1609403397
415123341351,Ombre Closure (Natural Black/1B-Golden Blonde/ #22),18'',Prarvi Hair,Hair,ombre-closure1b-22,"Closure, IBS, Ombre, Retail",239.00,260.00,CLOM1B2218,True,0,https://cdn.shopify.com/s/files/1/1059/1524/products/pic3-22_1.jpg?v=1609403397
413089857575,Sea Breezy full Hair,10'',Prarvi Hair,Hair,sea-breezy-hair,"Indian Natural Virgin Hair, Natural Virgin Color, Retail, Sea breezy full",149.00,139.00,AFSB10,True,0,https://cdn.shopify.com/s/files/1/1059/1524/products/dtOwdqL4.jpg?v=1608039975
413089857575,Sea Breezy full Hair,12'',Prarvi Hair,Hair,sea-breezy-hair,"Indian Natural Virgin Hair, Natural Virgin Color, Retail, Sea breezy full",159.00,149.00,AFSB12,True,0,https://cdn.shopify.com/s/files/1/1059/1524/products/dtOwdqL4.jpg?v=1608039975
413089857575,Sea Breezy full Hair,14'',Prarvi Hair,Hair,sea-breezy-hair,"Indian Natural Virgin Hair, Natural Virgin Color, Retail, Sea breezy full",169.00,159.00,AFSB14,True,0,https://cdn.shopify.com/s/files/1/1059/1524/products/dtOwdqL4.jpg?v=1608039975
413089857575,Sea Breezy full Hair,16'',Prarvi Hair,Hair,sea-breezy-hair,"Indian Natural Virgin Hair, Natural Virgin Color, Retail, Sea breezy full",189.00,169.00,AFSB16,True,0,https://cdn.shopify.com/s/files/1/1059/1524/products/dtOwdqL4.jpg?v=1608039975
413089857575,Sea Breezy full Hair,18'',Prarvi Hair,Hair,sea-breezy-hair,"Indian Natural Virgin Hair, Natural Virgin Color, Retail, Sea breezy full",209.00,179.00,AFSB18,True,0,https://cdn.shopify.com/s/files/1/1059/1524/products/dtOwdqL4.jpg?v=1608039975
413089857575,Sea Breezy full Hair,20'',Prarvi Hair,Hair,sea-breezy-hair,"Indian Natural Virgin Hair, Natural Virgin Color, Retail, Sea breezy full",279.00,189.00,AFSB20,True,0,https://cdn.shopify.com/s/files/1/1059/1524/products/dtOwdqL4.jpg?v=1608039975
413089857575,Sea Breezy full Hair,22'',Prarvi Hair,Hair,sea-breezy-hair,"Indian Natural Virgin Hair, Natural Virgin Color, Retail, Sea breezy full",299.00,199.00,AFSB22,True,0,https://cdn.shopify.com/s/files/1/1059/1524/products/dtOwdqL4.jpg?v=1608039975
413089857575,Sea Breezy full Hair,24'',Prarvi Hair,Hair,sea-breezy-hair,"Indian Natural Virgin Hair, Natural Virgin Color, Retail, Sea breezy full",319.00,209.00,AFSB24,True,0,https://cdn.shopify.com/s/files/1/1059/1524/products/dtOwdqL4.jpg?v=1608039975
413089857575,Sea Breezy full Hair,"26""",Prarvi Hair,Hair,sea-breezy-hair,"Indian Natural Virgin Hair, Natural Virgin Color, Retail, Sea breezy full",439.00,219.00,AFSB26,True,0,https://cdn.shopify.com/s/files/1/1059/1524/products/dtOwdqL4.jpg?v=1608039975
413083893799,Premium Virgin Remy Body Wave Lace Closures,10,Prarvi Hair,Hair,bodywave-closure,"Body Wave, Closure, Indian Natural Virgin Hair, Natural Virgin Color, Retail",149.00,149.00,CL44BW10,True,0,https://cdn.shopify.com/s/files/1/1059/1524/products/bodywave1.jpg?v=1609403557
413083893799,Premium Virgin Remy Body Wave Lace Closures,12,Prarvi Hair,Hair,bodywave-closure,"Body Wave, Closure, Indian Natural Virgin Hair, Natural Virgin Color, Retail",159.00,159.00,CL44BW12,True,0,https://cdn.shopify.com/s/files/1/1059/1524/products/bodywave1.jpg?v=1609403557
413083893799,Premium Virgin Remy Body Wave Lace Closures,14,Prarvi Hair,Hair,bodywave-closure,"Body Wave, Closure, Indian Natural Virgin Hair, Natural Virgin Color, Retail",169.00,169.00,CL44BW14,True,0,https://cdn.shopify.com/s/files/1/1059/1524/products/bodywave1.jpg?v=1609403557
413083893799,Premium Virgin Remy Body Wave Lace Closures,16,Prarvi Hair,Hair,bodywave-closure,"Body Wave, Closure, Indian Natural Virgin Hair, Natural Virgin Color, Retail",189.00,179.00,CL44BW16,True,0,https://cdn.shopify.com/s/files/1/1059/1524/products/bodywave1.jpg?v=1609403557
413083893799,Premium Virgin Remy Body Wave Lace Closures,18,Prarvi Hair,Hair,bodywave-closure,"Body Wave, Closure, Indian Natural Virgin Hair, Natural Virgin Color, Retail",199.00,189.00,CL44BW18,True,0,https://cdn.shopify.com/s/files/1/1059/1524/products/bodywave1.jpg?v=1609403557
413083893799,Premium Virgin Remy Body Wave Lace Closures,20,Prarvi Hair,Hair,bodywave-closure,"Body Wave, Closure, Indian Natural Virgin Hair, Natural Virgin Color, Retail",209.00,209.00,CL44BW20,True,0,https://cdn.shopify.com/s/files/1/1059/1524/products/bodywave1.jpg?v=1609403557
413083893799,Premium Virgin Remy Body Wave Lace Closures,22,Prarvi Hair,Hair,bodywave-closure,"Body Wave, Closure, Indian Natural Virgin Hair, Natural Virgin Color, Retail",229.00,219.00,CL44BW22,True,0,https://cdn.shopify.com/s/files/1/1059/1524/products/bodywave1.jpg?v=1609403557
411469709351,Front Lace Wig-Natural Wavy(Net Base),10,Prarvi Hair,Hair,frontal-lace-wig-natural-wavy,"Retail, wigs",425.00,449.00,FLWNWW1B10,True,0,https://cdn.shopify.com/s/files/1/1059/1524/files/hair1_51c39c1b-b4f9-49d7-9a45-48792a03b538.jpg?v=1738923892
411469709351,Front Lace Wig-Natural Wavy(Net Base),12'',Prarvi Hair,Hair,frontal-lace-wig-natural-wavy,"Retail, wigs",449.00,489.00,FLWNWW1B12,True,0,https://cdn.shopify.com/s/files/1/1059/1524/files/hair1_51c39c1b-b4f9-49d7-9a45-48792a03b538.jpg?v=1738923892
411469709351,Front Lace Wig-Natural Wavy(Net Base),14'',Prarvi Hair,Hair,frontal-lace-wig-natural-wavy,"Retail, wigs",475.00,529.00,FLWNWW1B14,True,0,https://cdn.shopify.com/s/files/1/1059/1524/files/hair1_51c39c1b-b4f9-49d7-9a45-48792a03b538.jpg?v=1738923892
411469709351,Front Lace Wig-Natural Wavy(Net Base),16'',Prarvi Hair,Hair,frontal-lace-wig-natural-wavy,"Retail, wigs",525.00,579.00,FLWNWW1B16,True,0,https://cdn.shopify.com/s/files/1/1059/1524/files/hair1_51c39c1b-b4f9-49d7-9a45-48792a03b538.jpg?v=1738923892
411469709351,Front Lace Wig-Natural Wavy(Net Base),18'',Prarvi Hair,Hair,frontal-lace-wig-natural-wavy,"Retail, wigs",549.00,679.00,FLWNWW1B18,True,0,https://cdn.shopify.com/s/files/1/1059/1524/files/hair1_51c39c1b-b4f9-49d7-9a45-48792a03b538.jpg?v=1738923892
411469709351,Front Lace Wig-Natural Wavy(Net Base),20'',Prarvi Hair,Hair,frontal-lace-wig-natural-wavy,"Retail, wigs",599.00,629.00,FLWNWW1B20,True,0,https://cdn.shopify.com/s/files/1/1059/1524/files/hair1_51c39c1b-b4f9-49d7-9a45-48792a03b538.jpg?v=1738923892
411469709351,Front Lace Wig-Natural Wavy(Net Base),22'',Prarvi Hair,Hair,frontal-lace-wig-natural-wavy,"Retail, wigs",649.00,675.00,FLWNWW1B22,True,0,https://cdn.shopify.com/s/files/1/1059/1524/files/hair1_51c39c1b-b4f9-49d7-9a45-48792a03b538.jpg?v=1738923892
5458540357,Natural Wave Frontal: 100% Raw Human Hair with a Realistic Hairline,10,Prarvi Hair,Hair,frontals,"frontal, Indian Natural Virgin Hair, Natural Wave, Retail",229.00,249.00,FRNW10,True,99,https://cdn.shopify.com/s/files/1/1059/1524/products/40_5.jpg?v=1609146989
5458540357,Natural Wave Frontal: 100% Raw Human Hair with a Realistic Hairline,12,Prarvi Hair,Hair,frontals,"frontal, Indian Natural Virgin Hair, Natural Wave, Retail",239.00,259.00,FRNW12,True,99,https://cdn.shopify.com/s/files/1/1059/1524/products/40_5.jpg?v=1609146989
5458540357,Natural Wave Frontal: 100% Raw Human Hair with a Realistic Hairline,14,Prarvi Hair,Hair,frontals,"frontal, Indian Natural Virgin Hair, Natural Wave, Retail",259.00,269.00,FRNW14,True,99,https://cdn.shopify.com/s/files/1/1059/1524/products/40_5.jpg?v=1609146989
5458540357,Natural Wave Frontal: 100% Raw Human Hair with a Realistic Hairline,16,Prarvi Hair,Hair,frontals,"frontal, Indian Natural Virgin Hair, Natural Wave, Retail",279.00,279.00,FRNW16,True,99,https://cdn.shopify.com/s/files/1/1059/1524/products/40_5.jpg?v=1609146989
5458540357,Natural Wave Frontal: 100% Raw Human Hair with a Realistic Hairline,18,Prarvi Hair,Hair,frontals,"frontal, Indian Natural Virgin Hair, Natural Wave, Retail",309.00,289.00,FRNW18,True,99,https://cdn.shopify.com/s/files/1/1059/1524/products/40_5.jpg?v=1609146989
5308372229,Natural Black(#1B)-Platinum blonde (#613) Ombre Hair,12'',Prarvi Hair,Hair,ombre-hair1b-613,"Blonde Hair Extensions, Ombre, Retail",189.00,239.00,OM1B61312,True,0,https://cdn.shopify.com/s/files/1/1059/1524/products/33_1.jpg?v=1605778371
5308372229,Natural Black(#1B)-Platinum blonde (#613) Ombre Hair,14'',Prarvi Hair,Hair,ombre-hair1b-613,"Blonde Hair Extensions, Ombre, Retail",199.00,219.00,OM1B61313,True,0,https://cdn.shopify.com/s/files/1/1059/1524/products/33_1.jpg?v=1605778371
5308372229,Natural Black(#1B)-Platinum blonde (#613) Ombre Hair,16'',Prarvi Hair,Hair,ombre-hair1b-613,"Blonde Hair Extensions, Ombre, Retail",219.00,229.00,OM1B61316,True,0,https://cdn.shopify.com/s/files/1/1059/1524/products/33_1.jpg?v=1605778371
5308372229,Natural Black(#1B)-Platinum blonde (#613) Ombre Hair,18'',Prarvi Hair,Hair,ombre-hair1b-613,"Blonde Hair Extensions, Ombre, Retail",239.00,239.00,OM1B61318,True,0,https://cdn.shopify.com/s/files/1/1059/1524/products/33_1.jpg?v=1605778371
5308372229,Natural Black(#1B)-Platinum blonde (#613) Ombre Hair,20'',Prarvi Hair,Hair,ombre-hair1b-613,"Blonde Hair Extensions, Ombre, Retail",259.00,249.00,OM1B61320,True,0,https://cdn.shopify.com/s/files/1/1059/1524/products/33_1.jpg?v=1605778371
5308372229,Natural Black(#1B)-Platinum blonde (#613) Ombre Hair,22'',Prarvi Hair,Hair,ombre-hair1b-613,"Blonde Hair Extensions, Ombre, Retail",279.00,259.00,OM1B61322,True,0,https://cdn.shopify.com/s/files/1/1059/1524/products/33_1.jpg?v=1605778371
5308372229,Natural Black(#1B)-Platinum blonde (#613) Ombre Hair,24'',Prarvi Hair,Hair,ombre-hair1b-613,"Blonde Hair Extensions, Ombre, Retail",299.00,269.00,OM1B61324,True,0,https://cdn.shopify.com/s/files/1/1059/1524/products/33_1.jpg?v=1605778371
5308372229,Natural Black(#1B)-Platinum blonde (#613) Ombre Hair,26'',Prarvi Hair,Hair,ombre-hair1b-613,"Blonde Hair Extensions, Ombre, Retail",319.00,279.00,OM1B61326,True,0,https://cdn.shopify.com/s/files/1/1059/1524/products/33_1.jpg?v=1605778371
5308372229,Natural Black(#1B)-Platinum blonde (#613) Ombre Hair,28'',Prarvi Hair,Hair,ombre-hair1b-613,"Blonde Hair Extensions, Ombre, Retail",339.00,289.00,OM1B61328,True,0,https://cdn.shopify.com/s/files/1/1059/1524/products/33_1.jpg?v=1605778371
6354109893,Afro Thin Coily,10,Prarvi Hair,Hair,afro-thin-coily,"Afro Thin Coily, Retail",149.00,139.00,AFTN10,True,0,https://cdn.shopify.com/s/files/1/1059/1524/products/28_1.jpg?v=1605886941
6354109893,Afro Thin Coily,12,Prarvi Hair,Hair,afro-thin-coily,"Afro Thin Coily, Retail",159.00,149.00,AFTN12,True,0,https://cdn.shopify.com/s/files/1/1059/1524/products/28_1.jpg?v=1605886941
6354109893,Afro Thin Coily,14,Prarvi Hair,Hair,afro-thin-coily,"Afro Thin Coily, Retail",169.00,159.00,AFTN14,True,0,https://cdn.shopify.com/s/files/1/1059/1524/products/28_1.jpg?v=1605886941
6354109893,Afro Thin Coily,16,Prarvi Hair,Hair,afro-thin-coily,"Afro Thin Coily, Retail",189.00,169.00,AFTN16,True,0,https://cdn.shopify.com/s/files/1/1059/1524/products/28_1.jpg?v=1605886941
6354109893,Afro Thin Coily,18,Prarvi Hair,Hair,afro-thin-coily,"Afro Thin Coily, Retail",209.00,179.00,AFTN18,True,0,https://cdn.shopify.com/s/files/1/1059/1524/products/28_1.jpg?v=1605886941
6354109893,Afro Thin Coily,20,Prarvi Hair,Hair,afro-thin-coily,"Afro Thin Coily, Retail",279.00,189.00,AFTN20,True,0,https://cdn.shopify.com/s/files/1/1059/1524/products/28_1.jpg?v=1605886941
6354109893,Afro Thin Coily,22,Prarvi Hair,Hair,afro-thin-coily,"Afro Thin Coily, Retail",299.00,199.00,AFTN22,True,1588,https://cdn.shopify.com/s/files/1/1059/1524/products/28_1.jpg?v=1605886941
6354109893,Afro Thin Coily,24,Prarvi Hair,Hair,afro-thin-coily,"Afro Thin Coily, Retail",319.00,209.00,AFTN24,True,0,https://cdn.shopify.com/s/files/1/1059/1524/products/28_1.jpg?v=1605886941
6354109893,Afro Thin Coily,26,Prarvi Hair,Hair,afro-thin-coily,"Afro Thin Coily, Retail",439.00,219.00,AFTN26,True,99,https://cdn.shopify.com/s/files/1/1059/1524/products/28_1.jpg?v=1605886941
6354109893,Afro Thin Coily,28,Prarvi Hair,Hair,afro-thin-coily,"Afro Thin Coily, Retail",459.00,229.00,AFTN28,True,99,https://cdn.shopify.com/s/files/1/1059/1524/products/28_1.jpg?v=1605886941
6354109893,Afro Thin Coily,30,Prarvi Hair,Hair,afro-thin-coily,"Afro Thin Coily, Retail",489.00,239.00,AFTN30,True,99,https://cdn.shopify.com/s/files/1/1059/1524/products/28_1.jpg?v=1605886941
376838783015,Natural Curl Hair Extension,10'',Prarvi Hair,Hair,natural-curl,"curly, Indian Natural Virgin Hair, Non Steam Permed Hair",159.00,139.00,NC10,True,0,https://cdn.shopify.com/s/files/1/1059/1524/files/natural_curl.png?v=1751025284
376838783015,Natural Curl Hair Extension,12'',Prarvi Hair,Hair,natural-curl,"curly, Indian Natural Virgin Hair, Non Steam Permed Hair",169.00,149.00,NC12,True,99,https://cdn.shopify.com/s/files/1/1059/1524/files/natural_curl.png?v=1751025284
376838783015,Natural Curl Hair Extension,14'',Prarvi Hair,Hair,natural-curl,"curly, Indian Natural Virgin Hair, Non Steam Permed Hair",179.00,159.00,NC14,True,99,https://cdn.shopify.com/s/files/1/1059/1524/files/natural_curl.png?v=1751025284
376838783015,Natural Curl Hair Extension,16'',Prarvi Hair,Hair,natural-curl,"curly, Indian Natural Virgin Hair, Non Steam Permed Hair",199.00,179.00,NC16,True,99,https://cdn.shopify.com/s/files/1/1059/1524/files/natural_curl.png?v=1751025284
376838783015,Natural Curl Hair Extension,18'',Prarvi Hair,Hair,natural-curl,"curly, Indian Natural Virgin Hair, Non Steam Permed Hair",209.00,179.00,NC18,True,99,https://cdn.shopify.com/s/files/1/1059/1524/files/natural_curl.png?v=1751025284
376838783015,Natural Curl Hair Extension,20'',Prarvi Hair,Hair,natural-curl,"curly, Indian Natural Virgin Hair, Non Steam Permed Hair",279.00,189.00,NC20,True,99,https://cdn.shopify.com/s/files/1/1059/1524/files/natural_curl.png?v=1751025284
376838783015,Natural Curl Hair Extension,22'',Prarvi Hair,Hair,natural-curl,"curly, Indian Natural Virgin Hair, Non Steam Permed Hair",299.00,199.00,NC22,True,99,https://cdn.shopify.com/s/files/1/1059/1524/files/natural_curl.png?v=1751025284
376838783015,Natural Curl Hair Extension,24'',Prarvi Hair,Hair,natural-curl,"curly, Indian Natural Virgin Hair, Non Steam Permed Hair",319.00,219.00,NC24,True,99,https://cdn.shopify.com/s/files/1/1059/1524/files/natural_curl.png?v=1751025284
376838783015,Natural Curl Hair Extension,26,Prarvi Hair,Hair,natural-curl,"curly, Indian Natural Virgin Hair, Non Steam Permed Hair",439.00,219.00,NC26,True,0,https://cdn.shopify.com/s/files/1/1059/1524/files/natural_curl.png?v=1751025284
376838783015,Natural Curl Hair Extension,28,Prarvi Hair,Hair,natural-curl,"curly, Indian Natural Virgin Hair, Non Steam Permed Hair",459.00,229.00,NC28,True,99,https://cdn.shopify.com/s/files/1/1059/1524/files/natural_curl.png?v=1751025284
376838783015,Natural Curl Hair Extension,30,Prarvi Hair,Hair,natural-curl,"curly, Indian Natural Virgin Hair, Non Steam Permed Hair",489.00,239.00,NC30,True,99,https://cdn.shopify.com/s/files/1/1059/1524/files/natural_curl.png?v=1751025284
7839255056,Loose Curly Lace Frontal,14'',Prarvi Hair,Hair,frontal-loose-curly,"frontal, Indian Natural Virgin Hair, Natural Virgin Color, Retail",309.00,400.00,FRLC14,True,0,https://cdn.shopify.com/s/files/1/1059/1524/products/LCFRONTAL_9.jpg?v=1609403232
7839255056,Loose Curly Lace Frontal,16'',Prarvi Hair,Hair,frontal-loose-curly,"frontal, Indian Natural Virgin Hair, Natural Virgin Color, Retail",319.00,400.00,FRLC16,True,0,https://cdn.shopify.com/s/files/1/1059/1524/products/LCFRONTAL_9.jpg?v=1609403232
7839255056,Loose Curly Lace Frontal,18'',Prarvi Hair,Hair,frontal-loose-curly,"frontal, Indian Natural Virgin Hair, Natural Virgin Color, Retail",339.00,400.00,FRLC18,True,0,https://cdn.shopify.com/s/files/1/1059/1524/products/LCFRONTAL_9.jpg?v=1609403232
7839255056,Loose Curly Lace Frontal,20'',Prarvi Hair,Hair,frontal-loose-curly,"frontal, Indian Natural Virgin Hair, Natural Virgin Color, Retail",359.00,400.00,FRLC20,True,0,https://cdn.shopify.com/s/files/1/1059/1524/products/LCFRONTAL_9.jpg?v=1609403232
5626453189,Afro Thick Coily Hair Extension,10,Prarvi Hair,Hair,afro-thick-coily,"Afro Thick Curls, featured collection, Retail",149.00,139.00,AFTH10,True,99,https://cdn.shopify.com/s/files/1/1059/1524/products/24_1.jpg?v=1605887363
5626453189,Afro Thick Coily Hair Extension,12,Prarvi Hair,Hair,afro-thick-coily,"Afro Thick Curls, featured collection, Retail",159.00,149.00,AFTH12,True,99,https://cdn.shopify.com/s/files/1/1059/1524/products/24_1.jpg?v=1605887363
5626453189,Afro Thick Coily Hair Extension,14,Prarvi Hair,Hair,afro-thick-coily,"Afro Thick Curls, featured collection, Retail",169.00,159.00,AFTH14,True,99,https://cdn.shopify.com/s/files/1/1059/1524/products/24_1.jpg?v=1605887363
5626453189,Afro Thick Coily Hair Extension,16,Prarvi Hair,Hair,afro-thick-coily,"Afro Thick Curls, featured collection, Retail",189.00,169.00,AFTH16,True,99,https://cdn.shopify.com/s/files/1/1059/1524/products/24_1.jpg?v=1605887363
5626453189,Afro Thick Coily Hair Extension,18,Prarvi Hair,Hair,afro-thick-coily,"Afro Thick Curls, featured collection, Retail",209.00,179.00,AFTH18,True,99,https://cdn.shopify.com/s/files/1/1059/1524/products/24_1.jpg?v=1605887363
5626453189,Afro Thick Coily Hair Extension,20,Prarvi Hair,Hair,afro-thick-coily,"Afro Thick Curls, featured collection, Retail",279.00,189.00,AFTH20,True,99,https://cdn.shopify.com/s/files/1/1059/1524/products/24_1.jpg?v=1605887363
5626453189,Afro Thick Coily Hair Extension,22,Prarvi Hair,Hair,afro-thick-coily,"Afro Thick Curls, featured collection, Retail",299.00,199.00,AFTH22,True,99,https://cdn.shopify.com/s/files/1/1059/1524/products/24_1.jpg?v=1605887363
5626453189,Afro Thick Coily Hair Extension,24,Prarvi Hair,Hair,afro-thick-coily,"Afro Thick Curls, featured collection, Retail",319.00,209.00,AFTH24,True,99,https://cdn.shopify.com/s/files/1/1059/1524/products/24_1.jpg?v=1605887363
5626453189,Afro Thick Coily Hair Extension,26,Prarvi Hair,Hair,afro-thick-coily,"Afro Thick Curls, featured collection, Retail",439.00,219.00,AFTH26,True,99,https://cdn.shopify.com/s/files/1/1059/1524/products/24_1.jpg?v=1605887363
5626453189,Afro Thick Coily Hair Extension,28,Prarvi Hair,Hair,afro-thick-coily,"Afro Thick Curls, featured collection, Retail",459.00,229.00,AFTH28,True,99,https://cdn.shopify.com/s/files/1/1059/1524/products/24_1.jpg?v=1605887363
5626453189,Afro Thick Coily Hair Extension,30,Prarvi Hair,Hair,afro-thick-coily,"Afro Thick Curls, featured collection, Retail",489.00,239.00,AFTH30,True,99,https://cdn.shopify.com/s/files/1/1059/1524/products/24_1.jpg?v=1605887363
5458539525,Natural Wave Lace Closure 4 by 4,10,Prarvi Hair,Hair,natural-wave-lace-closure,"Closure, Indian Natural Virgin Hair, Natural Virgin Color, Natural Wave, Retail",129.00,149.00,CLNW10,True,0,https://cdn.shopify.com/s/files/1/1059/1524/products/44_1.jpg?v=1608029546
5458539525,Natural Wave Lace Closure 4 by 4,12,Prarvi Hair,Hair,natural-wave-lace-closure,"Closure, Indian Natural Virgin Hair, Natural Virgin Color, Natural Wave, Retail",139.00,159.00,CLNW12,True,0,https://cdn.shopify.com/s/files/1/1059/1524/products/44_1.jpg?v=1608029546
5458539525,Natural Wave Lace Closure 4 by 4,14,Prarvi Hair,Hair,natural-wave-lace-closure,"Closure, Indian Natural Virgin Hair, Natural Virgin Color, Natural Wave, Retail",149.00,169.00,CLNW14,True,0,https://cdn.shopify.com/s/files/1/1059/1524/products/44_1.jpg?v=1608029546
5458539525,Natural Wave Lace Closure 4 by 4,16,Prarvi Hair,Hair,natural-wave-lace-closure,"Closure, Indian Natural Virgin Hair, Natural Virgin Color, Natural Wave, Retail",169.00,179.00,CLNW16,True,0,https://cdn.shopify.com/s/files/1/1059/1524/products/44_1.jpg?v=1608029546
5458539525,Natural Wave Lace Closure 4 by 4,18,Prarvi Hair,Hair,natural-wave-lace-closure,"Closure, Indian Natural Virgin Hair, Natural Virgin Color, Natural Wave, Retail",179.00,189.00,CLNW18,True,0,https://cdn.shopify.com/s/files/1/1059/1524/products/44_1.jpg?v=1608029546
5458539525,Natural Wave Lace Closure 4 by 4,20,Prarvi Hair,Hair,natural-wave-lace-closure,"Closure, Indian Natural Virgin Hair, Natural Virgin Color, Natural Wave, Retail",189.00,199.00,CLNW20,True,0,https://cdn.shopify.com/s/files/1/1059/1524/products/44_1.jpg?v=1608029546
5458539525,Natural Wave Lace Closure 4 by 4,22,Prarvi Hair,Hair,natural-wave-lace-closure,"Closure, Indian Natural Virgin Hair, Natural Virgin Color, Natural Wave, Retail",209.00,209.00,CLNW22,True,0,https://cdn.shopify.com/s/files/1/1059/1524/products/44_1.jpg?v=1608029546
7838905104,Front Lace wigs- Loose Curls,14,Prarvi Hair,Hair,front-lace-wigs-loose-curly,"Natural Virgin Color, Retail, wigs",519.00,749.00,FLWLC1B14,True,0,https://cdn.shopify.com/s/files/1/1059/1524/files/hair5_ffc98e08-01d3-4809-bfb4-fa25b478752c.jpg?v=1738925578
7838905104,Front Lace wigs- Loose Curls,16,Prarvi Hair,Hair,front-lace-wigs-loose-curly,"Natural Virgin Color, Retail, wigs",559.00,799.00,FLWLC1B16,True,0,https://cdn.shopify.com/s/files/1/1059/1524/files/hair5_ffc98e08-01d3-4809-bfb4-fa25b478752c.jpg?v=1738925578
7838905104,Front Lace wigs- Loose Curls,20,Prarvi Hair,Hair,front-lace-wigs-loose-curly,"Natural Virgin Color, Retail, wigs",599.00,899.00,FLWLC1B20,True,0,https://cdn.shopify.com/s/files/1/1059/1524/files/hair5_ffc98e08-01d3-4809-bfb4-fa25b478752c.jpg?v=1738925578
7839048976,Ash Blonde Natural Wave Front Lace Wig,10,Prarvi Hair,Hair,front-lace-wigs-natural-wave-27,"Retail, wigs",499.00,599.00,FLWNW2710,True,0,https://cdn.shopify.com/s/files/1/1059/1524/files/hair2_d5967057-91af-4e0d-b82f-2f2366e1a828.jpg?v=1738924710
7839016592,Front Lace Wigs- Natural wave -Color #613 (Platinum Blonde),12,Prarvi Hair,Hair,front-lace-wigs-natural-wave-613,"Retail, wigs",529.00,799.00,FLWNW61312,True,0,https://cdn.shopify.com/s/files/1/1059/1524/files/hair6_df498850-a4f5-4afc-8f4d-1e7a8dd4226d.jpg?v=1738925628
7839016592,Front Lace Wigs- Natural wave -Color #613 (Platinum Blonde),16,Prarvi Hair,Hair,front-lace-wigs-natural-wave-613,"Retail, wigs",599.00,999.00,FLWNW61316,True,150,https://cdn.shopify.com/s/files/1/1059/1524/files/hair6_df498850-a4f5-4afc-8f4d-1e7a8dd4226d.jpg?v=1738925628
5308183813,Natural Wave Blonde Collection - Premium Indian Virgin Hair in Platinum Blonde (#613),10,Prarvi Hair,Hair,platinum-blonde-hair-extensions,"Blonde Hair Extensions, IBS, Retail",199.00,169.00,BL61310,True,99,https://cdn.shopify.com/s/files/1/1059/1524/products/36_6.jpg?v=1607962082
5308183813,Natural Wave Blonde Collection - Premium Indian Virgin Hair in Platinum Blonde (#613),12,Prarvi Hair,Hair,platinum-blonde-hair-extensions,"Blonde Hair Extensions, IBS, Retail",209.00,179.00,BL61312,True,99,https://cdn.shopify.com/s/files/1/1059/1524/products/36_6.jpg?v=1607962082
5308183813,Natural Wave Blonde Collection - Premium Indian Virgin Hair in Platinum Blonde (#613),14,Prarvi Hair,Hair,platinum-blonde-hair-extensions,"Blonde Hair Extensions, IBS, Retail",219.00,189.00,BL61314,True,99,https://cdn.shopify.com/s/files/1/1059/1524/products/36_6.jpg?v=1607962082
5308183813,Natural Wave Blonde Collection - Premium Indian Virgin Hair in Platinum Blonde (#613),16,Prarvi Hair,Hair,platinum-blonde-hair-extensions,"Blonde Hair Extensions, IBS, Retail",239.00,199.00,BL61316,True,99,https://cdn.shopify.com/s/files/1/1059/1524/products/36_6.jpg?v=1607962082
5308183813,Natural Wave Blonde Collection - Premium Indian Virgin Hair in Platinum Blonde (#613),18,Prarvi Hair,Hair,platinum-blonde-hair-extensions,"Blonde Hair Extensions, IBS, Retail",259.00,209.00,BL61318,True,99,https://cdn.shopify.com/s/files/1/1059/1524/products/36_6.jpg?v=1607962082
5308183813,Natural Wave Blonde Collection - Premium Indian Virgin Hair in Platinum Blonde (#613),20,Prarvi Hair,Hair,platinum-blonde-hair-extensions,"Blonde Hair Extensions, IBS, Retail",329.00,219.00,BL61320,True,99,https://cdn.shopify.com/s/files/1/1059/1524/products/36_6.jpg?v=1607962082
5308183813,Natural Wave Blonde Collection - Premium Indian Virgin Hair in Platinum Blonde (#613),22,Prarvi Hair,Hair,platinum-blonde-hair-extensions,"Blonde Hair Extensions, IBS, Retail",349.00,229.00,BL61322,True,99,https://cdn.shopify.com/s/files/1/1059/1524/products/36_6.jpg?v=1607962082
5308183813,Natural Wave Blonde Collection - Premium Indian Virgin Hair in Platinum Blonde (#613),24,Prarvi Hair,Hair,platinum-blonde-hair-extensions,"Blonde Hair Extensions, IBS, Retail",369.00,239.00,BL61324,True,99,https://cdn.shopify.com/s/files/1/1059/1524/products/36_6.jpg?v=1607962082
5308183813,Natural Wave Blonde Collection - Premium Indian Virgin Hair in Platinum Blonde (#613),26,Prarvi Hair,Hair,platinum-blonde-hair-extensions,"Blonde Hair Extensions, IBS, Retail",389.00,249.00,BL61326,True,99,https://cdn.shopify.com/s/files/1/1059/1524/products/36_6.jpg?v=1607962082
5308183813,Natural Wave Blonde Collection - Premium Indian Virgin Hair in Platinum Blonde (#613),28,Prarvi Hair,Hair,platinum-blonde-hair-extensions,"Blonde Hair Extensions, IBS, Retail",409.00,259.00,BL61328,True,99,https://cdn.shopify.com/s/files/1/1059/1524/products/36_6.jpg?v=1607962082
5308183813,Natural Wave Blonde Collection - Premium Indian Virgin Hair in Platinum Blonde (#613),30,Prarvi Hair,Hair,platinum-blonde-hair-extensions,"Blonde Hair Extensions, IBS, Retail",429.00,269.00,BL61330,True,99,https://cdn.shopify.com/s/files/1/1059/1524/products/36_6.jpg?v=1607962082
5308395717,Golden Blonde Hair Extension,10,Prarvi Hair,Hair,blonde-hair-extensions-pale-blonde,"blonde hair extensions, IBS, Retail",199.00,169.00,BL2210,True,100,https://cdn.shopify.com/s/files/1/1059/1524/products/35_6.jpg?v=1607961704
5308395717,Golden Blonde Hair Extension,12,Prarvi Hair,Hair,blonde-hair-extensions-pale-blonde,"blonde hair extensions, IBS, Retail",209.00,179.00,BL2212,True,100,https://cdn.shopify.com/s/files/1/1059/1524/products/35_6.jpg?v=1607961704
5308395717,Golden Blonde Hair Extension,14,Prarvi Hair,Hair,blonde-hair-extensions-pale-blonde,"blonde hair extensions, IBS, Retail",219.00,189.00,BL2214,True,100,https://cdn.shopify.com/s/files/1/1059/1524/products/35_6.jpg?v=1607961704
5308395717,Golden Blonde Hair Extension,16,Prarvi Hair,Hair,blonde-hair-extensions-pale-blonde,"blonde hair extensions, IBS, Retail",239.00,199.00,BL2216,True,99,https://cdn.shopify.com/s/files/1/1059/1524/products/35_6.jpg?v=1607961704
5308395717,Golden Blonde Hair Extension,18,Prarvi Hair,Hair,blonde-hair-extensions-pale-blonde,"blonde hair extensions, IBS, Retail",259.00,209.00,BL2218,True,99,https://cdn.shopify.com/s/files/1/1059/1524/products/35_6.jpg?v=1607961704
5308395717,Golden Blonde Hair Extension,20,Prarvi Hair,Hair,blonde-hair-extensions-pale-blonde,"blonde hair extensions, IBS, Retail",329.00,219.00,BL2220,True,99,https://cdn.shopify.com/s/files/1/1059/1524/products/35_6.jpg?v=1607961704
5308395717,Golden Blonde Hair Extension,22,Prarvi Hair,Hair,blonde-hair-extensions-pale-blonde,"blonde hair extensions, IBS, Retail",349.00,229.00,BL2222,True,99,https://cdn.shopify.com/s/files/1/1059/1524/products/35_6.jpg?v=1607961704
5308395717,Golden Blonde Hair Extension,24,Prarvi Hair,Hair,blonde-hair-extensions-pale-blonde,"blonde hair extensions, IBS, Retail",369.00,239.00,BL2224,True,100,https://cdn.shopify.com/s/files/1/1059/1524/products/35_6.jpg?v=1607961704
5308395717,Golden Blonde Hair Extension,26,Prarvi Hair,Hair,blonde-hair-extensions-pale-blonde,"blonde hair extensions, IBS, Retail",489.00,249.00,BL2226,True,99,https://cdn.shopify.com/s/files/1/1059/1524/products/35_6.jpg?v=1607961704
5308395717,Golden Blonde Hair Extension,28,Prarvi Hair,Hair,blonde-hair-extensions-pale-blonde,"blonde hair extensions, IBS, Retail",509.00,259.00,BL2228,True,100,https://cdn.shopify.com/s/files/1/1059/1524/products/35_6.jpg?v=1607961704
5308395717,Golden Blonde Hair Extension,30,Prarvi Hair,Hair,blonde-hair-extensions-pale-blonde,"blonde hair extensions, IBS, Retail",529.00,269.00,BL2230,True,100,https://cdn.shopify.com/s/files/1/1059/1524/products/35_6.jpg?v=1607961704
3572535109,Silky Straight Texture Hair Extensions,10,Prarvi,Hair,natural-silky-straight,"Retail, Silky Straight, wigs",99.00,139.00,SS10,True,99,https://cdn.shopify.com/s/files/1/1059/1524/products/3_1.jpg?v=1605887868
3572535109,Silky Straight Texture Hair Extensions,12,Prarvi,Hair,natural-silky-straight,"Retail, Silky Straight, wigs",109.00,149.00,SS12,True,99,https://cdn.shopify.com/s/files/1/1059/1524/products/3_1.jpg?v=1605887868
3572535109,Silky Straight Texture Hair Extensions,14,Prarvi,Hair,natural-silky-straight,"Retail, Silky Straight, wigs",119.00,159.00,SS14,True,99,https://cdn.shopify.com/s/files/1/1059/1524/products/3_1.jpg?v=1605887868
3572535109,Silky Straight Texture Hair Extensions,16,Prarvi,Hair,natural-silky-straight,"Retail, Silky Straight, wigs",139.00,169.00,SS16,True,99,https://cdn.shopify.com/s/files/1/1059/1524/products/3_1.jpg?v=1605887868
3572535109,Silky Straight Texture Hair Extensions,18,Prarvi,Hair,natural-silky-straight,"Retail, Silky Straight, wigs",159.00,179.00,SS18,True,99,https://cdn.shopify.com/s/files/1/1059/1524/products/3_1.jpg?v=1605887868
3572535109,Silky Straight Texture Hair Extensions,20,Prarvi,Hair,natural-silky-straight,"Retail, Silky Straight, wigs",179.00,189.00,SS20,True,99,https://cdn.shopify.com/s/files/1/1059/1524/products/3_1.jpg?v=1605887868
3572535109,Silky Straight Texture Hair Extensions,22,Prarvi,Hair,natural-silky-straight,"Retail, Silky Straight, wigs",199.00,199.00,SS22,True,99,https://cdn.shopify.com/s/files/1/1059/1524/products/3_1.jpg?v=1605887868
3572535109,Silky Straight Texture Hair Extensions,24,Prarvi,Hair,natural-silky-straight,"Retail, Silky Straight, wigs",219.00,209.00,SS24,False,99,https://cdn.shopify.com/s/files/1/1059/1524/products/3_1.jpg?v=1605887868
3572535109,Silky Straight Texture Hair Extensions,26,Prarvi,Hair,natural-silky-straight,"Retail, Silky Straight, wigs",239.00,229.00,SS26,True,99,https://cdn.shopify.com/s/files/1/1059/1524/products/3_1.jpg?v=1605887868
3572535109,Silky Straight Texture Hair Extensions,28,Prarvi,Hair,natural-silky-straight,"Retail, Silky Straight, wigs",259.00,239.00,SS28,True,99,https://cdn.shopify.com/s/files/1/1059/1524/products/3_1.jpg?v=1605887868
3572535109,Silky Straight Texture Hair Extensions,30,Prarvi,Hair,natural-silky-straight,"Retail, Silky Straight, wigs",289.00,259.00,SS30,True,99,https://cdn.shopify.com/s/files/1/1059/1524/products/3_1.jpg?v=1605887868
3572534917,Loose Curly Hair Extensions,10,Prarvi,Hair,natural-loose-curly,"Loose Curly, Natural Virgin Color, Retail",99.00,139.00,LC10,True,99,https://cdn.shopify.com/s/files/1/1059/1524/products/19_1.jpg?v=1605888256
3572534917,Loose Curly Hair Extensions,12,Prarvi,Hair,natural-loose-curly,"Loose Curly, Natural Virgin Color, Retail",109.00,149.00,LC12,True,99,https://cdn.shopify.com/s/files/1/1059/1524/products/19_1.jpg?v=1605888256
3572534917,Loose Curly Hair Extensions,14,Prarvi,Hair,natural-loose-curly,"Loose Curly, Natural Virgin Color, Retail",119.00,159.00,LC14,True,99,https://cdn.shopify.com/s/files/1/1059/1524/products/19_1.jpg?v=1605888256
3572534917,Loose Curly Hair Extensions,16,Prarvi,Hair,natural-loose-curly,"Loose Curly, Natural Virgin Color, Retail",139.00,179.00,LC16,True,99,https://cdn.shopify.com/s/files/1/1059/1524/products/19_1.jpg?v=1605888256
3572534917,Loose Curly Hair Extensions,18,Prarvi,Hair,natural-loose-curly,"Loose Curly, Natural Virgin Color, Retail",159.00,179.00,LC18,True,99,https://cdn.shopify.com/s/files/1/1059/1524/products/19_1.jpg?v=1605888256
3572534917,Loose Curly Hair Extensions,20,Prarvi,Hair,natural-loose-curly,"Loose Curly, Natural Virgin Color, Retail",179.00,189.00,LC20,True,99,https://cdn.shopify.com/s/files/1/1059/1524/products/19_1.jpg?v=1605888256
3572534917,Loose Curly Hair Extensions,22,Prarvi,Hair,natural-loose-curly,"Loose Curly, Natural Virgin Color, Retail",199.00,199.00,LC22,False,99,https://cdn.shopify.com/s/files/1/1059/1524/products/19_1.jpg?v=1605888256
3572534917,Loose Curly Hair Extensions,24,Prarvi,Hair,natural-loose-curly,"Loose Curly, Natural Virgin Color, Retail",219.00,209.00,LC24,True,99,https://cdn.shopify.com/s/files/1/1059/1524/products/19_1.jpg?v=1605888256
3572534917,Loose Curly Hair Extensions,26,Prarvi,Hair,natural-loose-curly,"Loose Curly, Natural Virgin Color, Retail",239.00,219.00,LC26,True,99,https://cdn.shopify.com/s/files/1/1059/1524/products/19_1.jpg?v=1605888256
3572534917,Loose Curly Hair Extensions,28,Prarvi,Hair,natural-loose-curly,"Loose Curly, Natural Virgin Color, Retail",259.00,229.00,LC28,True,99,https://cdn.shopify.com/s/files/1/1059/1524/products/19_1.jpg?v=1605888256
3572534917,Loose Curly Hair Extensions,30,Prarvi,Hair,natural-loose-curly,"Loose Curly, Natural Virgin Color, Retail",289.00,239.00,LC30,True,99,https://cdn.shopify.com/s/files/1/1059/1524/products/19_1.jpg?v=1605888256
3572534789,Prarvi Kinky Curls - Raw Human Hair for Beautiful Afro Look,10,Prarvi,Hair,natural-full-curly,"Full Curly, Natural Virgin Color, Retail",99.00,139.00,KC10,True,100,https://cdn.shopify.com/s/files/1/1059/1524/products/21_1.jpg?v=1605887620
3572534789,Prarvi Kinky Curls - Raw Human Hair for Beautiful Afro Look,12,Prarvi,Hair,natural-full-curly,"Full Curly, Natural Virgin Color, Retail",109.00,149.00,KC12,True,100,https://cdn.shopify.com/s/files/1/1059/1524/products/21_1.jpg?v=1605887620
3572534789,Prarvi Kinky Curls - Raw Human Hair for Beautiful Afro Look,14,Prarvi,Hair,natural-full-curly,"Full Curly, Natural Virgin Color, Retail",119.00,159.00,KC14,True,100,https://cdn.shopify.com/s/files/1/1059/1524/products/21_1.jpg?v=1605887620
3572534789,Prarvi Kinky Curls - Raw Human Hair for Beautiful Afro Look,16,Prarvi,Hair,natural-full-curly,"Full Curly, Natural Virgin Color, Retail",139.00,169.00,KC16,True,99,https://cdn.shopify.com/s/files/1/1059/1524/products/21_1.jpg?v=1605887620
3572534789,Prarvi Kinky Curls - Raw Human Hair for Beautiful Afro Look,18,Prarvi,Hair,natural-full-curly,"Full Curly, Natural Virgin Color, Retail",159.00,179.00,KC18,True,99,https://cdn.shopify.com/s/files/1/1059/1524/products/21_1.jpg?v=1605887620
3572534789,Prarvi Kinky Curls - Raw Human Hair for Beautiful Afro Look,20,Prarvi,Hair,natural-full-curly,"Full Curly, Natural Virgin Color, Retail",179.00,189.00,KC20,True,99,https://cdn.shopify.com/s/files/1/1059/1524/products/21_1.jpg?v=1605887620
3572534789,Prarvi Kinky Curls - Raw Human Hair for Beautiful Afro Look,22,Prarvi,Hair,natural-full-curly,"Full Curly, Natural Virgin Color, Retail",199.00,199.00,KC22,True,99,https://cdn.shopify.com/s/files/1/1059/1524/products/21_1.jpg?v=1605887620
3572534789,Prarvi Kinky Curls - Raw Human Hair for Beautiful Afro Look,24,Prarvi,Hair,natural-full-curly,"Full Curly, Natural Virgin Color, Retail",219.00,209.00,KC24,True,100,https://cdn.shopify.com/s/files/1/1059/1524/products/21_1.jpg?v=1605887620
3572534789,Prarvi Kinky Curls - Raw Human Hair for Beautiful Afro Look,26,Prarvi,Hair,natural-full-curly,"Full Curly, Natural Virgin Color, Retail",239.00,219.00,KC26,True,99,https://cdn.shopify.com/s/files/1/1059/1524/products/21_1.jpg?v=1605887620
3572534789,Prarvi Kinky Curls - Raw Human Hair for Beautiful Afro Look,28,Prarvi,Hair,natural-full-curly,"Full Curly, Natural Virgin Color, Retail",259.00,229.00,KC28,True,100,https://cdn.shopify.com/s/files/1/1059/1524/products/21_1.jpg?v=1605887620
3572534789,Prarvi Kinky Curls - Raw Human Hair for Beautiful Afro Look,30,Prarvi,Hair,natural-full-curly,"Full Curly, Natural Virgin Color, Retail",289.00,239.00,KC30,False,100,https://cdn.shopify.com/s/files/1/1059/1524/products/21_1.jpg?v=1605887620
3572534725,Jackson Wave/ Loose Wave/ Water Wave,10,Prarvi,Hair,natural-deep-wave,"Indian Natural Virgin Hair, Jackson Wave, Natural Virgin Color, Retail, wigs",99.00,139.00,JS10,True,99,https://cdn.shopify.com/s/files/1/1059/1524/products/14_1.jpg?v=1607965405
3572534725,Jackson Wave/ Loose Wave/ Water Wave,12,Prarvi,Hair,natural-deep-wave,"Indian Natural Virgin Hair, Jackson Wave, Natural Virgin Color, Retail, wigs",109.00,149.00,JS12,True,99,https://cdn.shopify.com/s/files/1/1059/1524/products/14_1.jpg?v=1607965405
3572534725,Jackson Wave/ Loose Wave/ Water Wave,14,Prarvi,Hair,natural-deep-wave,"Indian Natural Virgin Hair, Jackson Wave, Natural Virgin Color, Retail, wigs",119.00,179.00,JS14,True,99,https://cdn.shopify.com/s/files/1/1059/1524/products/14_1.jpg?v=1607965405
3572534725,Jackson Wave/ Loose Wave/ Water Wave,16,Prarvi,Hair,natural-deep-wave,"Indian Natural Virgin Hair, Jackson Wave, Natural Virgin Color, Retail, wigs",139.00,189.00,JS16,True,99,https://cdn.shopify.com/s/files/1/1059/1524/products/14_1.jpg?v=1607965405
3572534725,Jackson Wave/ Loose Wave/ Water Wave,18,Prarvi,Hair,natural-deep-wave,"Indian Natural Virgin Hair, Jackson Wave, Natural Virgin Color, Retail, wigs",159.00,199.00,JS18,True,99,https://cdn.shopify.com/s/files/1/1059/1524/products/14_1.jpg?v=1607965405
3572534725,Jackson Wave/ Loose Wave/ Water Wave,20,Prarvi,Hair,natural-deep-wave,"Indian Natural Virgin Hair, Jackson Wave, Natural Virgin Color, Retail, wigs",179.00,209.00,JS20,True,99,https://cdn.shopify.com/s/files/1/1059/1524/products/14_1.jpg?v=1607965405
3572534725,Jackson Wave/ Loose Wave/ Water Wave,22,Prarvi,Hair,natural-deep-wave,"Indian Natural Virgin Hair, Jackson Wave, Natural Virgin Color, Retail, wigs",199.00,219.00,JS22,True,99,https://cdn.shopify.com/s/files/1/1059/1524/products/14_1.jpg?v=1607965405
3572534725,Jackson Wave/ Loose Wave/ Water Wave,24,Prarvi,Hair,natural-deep-wave,"Indian Natural Virgin Hair, Jackson Wave, Natural Virgin Color, Retail, wigs",219.00,229.00,JS24,True,99,https://cdn.shopify.com/s/files/1/1059/1524/products/14_1.jpg?v=1607965405
3572534725,Jackson Wave/ Loose Wave/ Water Wave,26,Prarvi,Hair,natural-deep-wave,"Indian Natural Virgin Hair, Jackson Wave, Natural Virgin Color, Retail, wigs",239.00,239.00,JS26,True,99,https://cdn.shopify.com/s/files/1/1059/1524/products/14_1.jpg?v=1607965405
3572534725,Jackson Wave/ Loose Wave/ Water Wave,28,Prarvi,Hair,natural-deep-wave,"Indian Natural Virgin Hair, Jackson Wave, Natural Virgin Color, Retail, wigs",259.00,249.00,JS28,True,99,https://cdn.shopify.com/s/files/1/1059/1524/products/14_1.jpg?v=1607965405
3572534725,Jackson Wave/ Loose Wave/ Water Wave,30,Prarvi,Hair,natural-deep-wave,"Indian Natural Virgin Hair, Jackson Wave, Natural Virgin Color, Retail, wigs",289.00,269.00,JS30,True,99,https://cdn.shopify.com/s/files/1/1059/1524/products/14_1.jpg?v=1607965405
3572534661,Body Wave Hair Weft,10,Prarvi,Hair,natural-body-wave-hair-extensions,"Body Wave, Indian Natural Virgin Hair, Natural Virgin Color, Retail, wigs",109.00,139.00,BW10,True,99,https://cdn.shopify.com/s/files/1/1059/1524/products/10_3-5.jpg?v=1607966208
3572534661,Body Wave Hair Weft,12,Prarvi,Hair,natural-body-wave-hair-extensions,"Body Wave, Indian Natural Virgin Hair, Natural Virgin Color, Retail, wigs",119.00,149.00,BW12,True,99,https://cdn.shopify.com/s/files/1/1059/1524/products/10_3-5.jpg?v=1607966208
3572534661,Body Wave Hair Weft,14,Prarvi,Hair,natural-body-wave-hair-extensions,"Body Wave, Indian Natural Virgin Hair, Natural Virgin Color, Retail, wigs",129.00,159.00,BW14,True,99,https://cdn.shopify.com/s/files/1/1059/1524/products/10_3-5.jpg?v=1607966208
3572534661,Body Wave Hair Weft,16,Prarvi,Hair,natural-body-wave-hair-extensions,"Body Wave, Indian Natural Virgin Hair, Natural Virgin Color, Retail, wigs",139.00,169.00,BW16,True,99,https://cdn.shopify.com/s/files/1/1059/1524/products/10_3-5.jpg?v=1607966208
3572534661,Body Wave Hair Weft,18,Prarvi,Hair,natural-body-wave-hair-extensions,"Body Wave, Indian Natural Virgin Hair, Natural Virgin Color, Retail, wigs",159.00,179.00,BW18,True,99,https://cdn.shopify.com/s/files/1/1059/1524/products/10_3-5.jpg?v=1607966208
3572534661,Body Wave Hair Weft,20,Prarvi,Hair,natural-body-wave-hair-extensions,"Body Wave, Indian Natural Virgin Hair, Natural Virgin Color, Retail, wigs",179.00,189.00,BW20,True,99,https://cdn.shopify.com/s/files/1/1059/1524/products/10_3-5.jpg?v=1607966208
3572534661,Body Wave Hair Weft,22,Prarvi,Hair,natural-body-wave-hair-extensions,"Body Wave, Indian Natural Virgin Hair, Natural Virgin Color, Retail, wigs",199.00,209.00,BW22,True,99,https://cdn.shopify.com/s/files/1/1059/1524/products/10_3-5.jpg?v=1607966208
3572534661,Body Wave Hair Weft,24,Prarvi,Hair,natural-body-wave-hair-extensions,"Body Wave, Indian Natural Virgin Hair, Natural Virgin Color, Retail, wigs",209.00,219.00,BW24,True,99,https://cdn.shopify.com/s/files/1/1059/1524/products/10_3-5.jpg?v=1607966208
3572534661,Body Wave Hair Weft,26,Prarvi,Hair,natural-body-wave-hair-extensions,"Body Wave, Indian Natural Virgin Hair, Natural Virgin Color, Retail, wigs",239.00,229.00,BW26,True,99,https://cdn.shopify.com/s/files/1/1059/1524/products/10_3-5.jpg?v=1607966208
3572534661,Body Wave Hair Weft,28,Prarvi,Hair,natural-body-wave-hair-extensions,"Body Wave, Indian Natural Virgin Hair, Natural Virgin Color, Retail, wigs",259.00,239.00,BW28,True,99,https://cdn.shopify.com/s/files/1/1059/1524/products/10_3-5.jpg?v=1607966208
3572534661,Body Wave Hair Weft,30,Prarvi,Hair,natural-body-wave-hair-extensions,"Body Wave, Indian Natural Virgin Hair, Natural Virgin Color, Retail, wigs",289.00,249.00,BW30,True,99,https://cdn.shopify.com/s/files/1/1059/1524/products/10_3-5.jpg?v=1607966208
